Date,Open,High,Low,Close,Adj Close,Volume
01-01-2018,7900,7901.600098,7828.600098,7863.200195,7227.840332,6606
02-01-2018,7855,7923.049805,7843,7863.549805,7228.163086,65613
03-01-2018,7900,7935,7850.149902,7860.100098,7224.991211,27948
04-01-2018,7865,7902.200195,7839,7869.25,7233.401367,27902
05-01-2018,7846.299805,7884,7841,7856.75,7221.911621,9970
08-01-2018,7830,7968.549805,7830,7941.149902,7299.491699,35919
09-01-2018,7941.149902,7968.850098,7688,7779.25,7150.673828,58444
10-01-2018,7850,7866.600098,7779.299805,7846.649902,7212.62793,22046
11-01-2018,7854.799805,7910,7808.350098,7874.299805,7238.043457,47060
12-01-2018,7878,7900.049805,7745.049805,7789.25,7159.865723,32341
15-01-2018,7815,7860,7745,7757.950195,7131.096191,26404
16-01-2018,7760,7824.950195,7722,7774.600098,7146.399902,27957
17-01-2018,7799.700195,7815,7676.600098,7761.899902,7134.725586,70240
18-01-2018,7830,7830,7686.600098,7736.200195,7111.103027,30001
19-01-2018,7800,7800,7667,7680.649902,7060.041016,19037
22-01-2018,7667.549805,7715,7640.149902,7667,7047.493652,31062
23-01-2018,7699,7699,7585,7599.700195,6985.631836,36738
24-01-2018,7630,7633.950195,7548.5,7592.899902,6979.381836,15863
25-01-2018,7553,7625.600098,7433,7490.75,6885.48584,37438
29-01-2018,7530,7586.950195,7460,7530.850098,6922.344727,46573
30-01-2018,7520,7521.25,7405.049805,7455.899902,6853.45166,28872
31-01-2018,7483.950195,7514,7416.200195,7469.149902,6865.630371,24839
01-02-2018,7499,7536.950195,7280,7310.850098,6720.121582,106395
02-02-2018,7300,7415,7125,7135.450195,6558.894043,64413
05-02-2018,7130,7199,6997.649902,7134.700195,6558.205566,55575
06-02-2018,7000,7035.100098,6985,7016.299805,6449.37207,68219
07-02-2018,7097.950195,7116,6975.799805,7007,6440.82373,40086
08-02-2018,7014,7094,6887.25,6986,6421.52002,68289
09-02-2018,6973,7033.200195,6922.200195,6969.649902,6406.490723,74532
12-02-2018,6998,7199,6994.049805,7141.899902,6564.823242,104885
14-02-2018,7200,7384.200195,7162,7264.950195,6677.929199,117449
15-02-2018,7500,7645,7427.049805,7583.200195,6970.464844,354436
16-02-2018,7650,7720,7575,7592.850098,6979.334961,76991
19-02-2018,7630,7630,7490.049805,7506.700195,6900.145508,50746
20-02-2018,7520,7605.950195,7520,7572.649902,6960.76709,49865
21-02-2018,7579,7618.600098,7570.5,7597.549805,6983.65625,73367
22-02-2018,7599,7658.899902,7479.25,7543.299805,6933.788574,94421
23-02-2018,7573,7618.950195,7526.100098,7582.799805,6970.097168,66464
26-02-2018,7615,7650,7562.149902,7625.25,7009.116699,65894
27-02-2018,7644,7794,7620,7759.950195,7132.933594,69883
28-02-2018,7759,7874,7718.950195,7761.649902,7134.495117,75576
01-03-2018,7777,7876,7777,7849.399902,7215.155762,61086
05-03-2018,7880,7880,7695.200195,7714,7090.696289,63643
06-03-2018,7763.399902,7780,7650,7688.850098,7067.578125,62306
07-03-2018,7709.899902,7798,7650.350098,7704.450195,7081.918457,61388
08-03-2018,7788,7788,7700,7710.049805,7087.064941,49994
09-03-2018,7767.5,7767.5,7642,7657.350098,7038.623047,104310
12-03-2018,7694.799805,7709,7566,7619,7003.372559,28943
13-03-2018,7619,7784,7615.700195,7700.25,7078.056641,65859
14-03-2018,7701,7715.950195,7616.75,7647.75,7029.799805,64620
15-03-2018,7729,7739,7605.200195,7719.850098,7096.072266,65489
16-03-2018,7750,7757.950195,7670.100098,7695.350098,7073.553223,176601
19-03-2018,7722.549805,7724.950195,7627.5,7663.299805,7044.09375,66918
20-03-2018,7699.899902,7875,7663.700195,7841.450195,7207.848633,135487
21-03-2018,7889,7965,7795.049805,7853.25,7218.695313,75926
22-03-2018,7848,7916,7817.350098,7840.75,7207.20459,60100
23-03-2018,7800,7836.649902,7759.600098,7793.799805,7164.047852,97274
26-03-2018,7827,7918.950195,7760,7829.049805,7196.449219,62461
27-03-2018,7899.950195,8154,7861,8112.700195,7457.181152,125000
28-03-2018,8155,8250,8121,8203.549805,7540.689941,124076
02-04-2018,8199.849609,8340,8169.950195,8308.950195,7637.574219,61024
03-04-2018,8299.900391,8379.900391,8279.950195,8343.950195,7669.745117,60612
04-04-2018,8322,8399,8312,8351.049805,7676.271484,66915
05-04-2018,8388.650391,8408,8361.049805,8384.25,7706.789063,36648
06-04-2018,8384.25,8400.549805,8315,8346.950195,7672.503418,38544
09-04-2018,8350,8398,8330.099609,8382.25,7704.949707,54041
10-04-2018,8399.75,8556.799805,8380,8499.099609,7812.359375,59706
11-04-2018,8499.599609,8506.700195,8378.200195,8476.349609,7791.446777,36711
12-04-2018,8446,8685,8383,8636.950195,7939.070313,83815
13-04-2018,8650.049805,8740,8607.049805,8687.5,7985.537109,50680
16-04-2018,8704.5,8780,8650,8749.400391,8042.433105,87657
17-04-2018,8784.5,9049,8776,9013.599609,8285.287109,117758
18-04-2018,8981.099609,9118.950195,8950.200195,8975.25,8250.03418,47494
19-04-2018,8975.849609,9198,8964,9145.549805,8406.575195,67268
20-04-2018,9175,9250,9125,9162,8421.696289,43195
23-04-2018,9161.099609,9182.150391,8880.049805,8905.349609,8185.782715,67578
24-04-2018,8919.900391,9020.849609,8808.150391,8822.049805,8109.213867,51022
25-04-2018,8820,8908.299805,8660.049805,8734.549805,8028.78418,84260
26-04-2018,8799.849609,9190,8770.099609,9042.950195,8312.268555,132498
27-04-2018,9015.200195,9129.799805,9006,9061.700195,8329.500977,38931
30-04-2018,9100,9448,9063.950195,9396.549805,8637.291992,66876
02-05-2018,9405,9497,9184.700195,9201.25,8457.774414,62931
03-05-2018,9272,9289.900391,9055.099609,9098.650391,8363.462891,46201
04-05-2018,9140.200195,9157.950195,9084.700195,9111.400391,8375.18457,33795
07-05-2018,9114.049805,9174,9015.099609,9092.700195,8357.996094,57050
08-05-2018,9175,9175,9082.099609,9117.700195,8380.973633,91703
09-05-2018,9070.200195,9169,9070.200195,9120.75,8383.77832,24599
10-05-2018,9139,9215.049805,8934.650391,8981.549805,8255.827148,44274
11-05-2018,9240,9619.700195,9150,9523,8753.526367,208693
14-05-2018,9523,9622.450195,9502,9571.400391,8798.017578,49576
15-05-2018,9600,9640,9475,9565.200195,8792.317383,88137
16-05-2018,9544.950195,9649.900391,9460.450195,9628,8890.006836,50709
17-05-2018,9645,9889.950195,9548,9705.849609,8983.348633,82957
18-05-2018,9690,9809,9635.150391,9683.5,8962.664063,85659
21-05-2018,9690,9750,9466.049805,9486.349609,8780.186523,41497
22-05-2018,9505,9650,9437.599609,9634.25,8917.078125,53911
23-05-2018,9643.650391,9719.700195,9610.200195,9641.299805,8923.604492,36962
24-05-2018,9649.900391,9711.950195,9629,9665.349609,8945.865234,29401
25-05-2018,9657.900391,9799,9634.049805,9734.799805,9010.144531,30723
28-05-2018,9715,9775,9636.049805,9659.049805,8940.032227,36871
29-05-2018,9602,9649,9480,9512.299805,8804.208008,43914
30-05-2018,9578,9605,9500,9530.049805,8820.634766,59099
31-05-2018,9559.900391,9799,9550,9654,8935.358398,149624
01-06-2018,9669,9999,9643.700195,9898.549805,9161.705078,148674
04-06-2018,10000,10000,9773.299805,9817,9086.225586,37046
05-06-2018,9819.25,9840,9490,9535.650391,8825.818359,62074
06-06-2018,9599,9797,9560.349609,9760.349609,9033.792969,38522
07-06-2018,9819.950195,9839.900391,9730.200195,9787.450195,9058.875977,45248
08-06-2018,9799.950195,9964.950195,9760.049805,9888.849609,9152.726563,58211
11-06-2018,9887.950195,10060.4502,9880,9916.75,9178.550781,43431
12-06-2018,9939,9946.5,9820,9834.25,9102.191406,27119
13-06-2018,9890,9890,9790,9837.049805,9104.78418,29531
14-06-2018,9836.049805,9859.950195,9740,9756.75,9030.460938,29254
15-06-2018,9760,9774.900391,9675,9742.5,9017.270508,76681
18-06-2018,9700,9790.599609,9572.799805,9618.549805,8902.548828,46772
19-06-2018,9998.799805,9998.799805,9500.150391,9618.349609,8902.360352,67392
20-06-2018,9665,9749.900391,9640.099609,9725.049805,9001.121094,59286
21-06-2018,9750.049805,9913.950195,9712.549805,9850.400391,9117.138672,43772
22-06-2018,9840,9912.950195,9760,9871.049805,9136.251953,36004
25-06-2018,9850.099609,9998,9841.400391,9894.900391,9158.329102,52008
26-06-2018,9929.799805,10180,9862.549805,10084.5,9333.810547,136320
27-06-2018,10109,10198,9952.799805,9999.349609,9255.000977,82424
28-06-2018,10028,10095,9724.549805,9772.5,9045.037109,72930
29-06-2018,9898,9898,9777,9810.099609,9079.837891,63369
02-07-2018,9890,9890,9730.299805,9765.150391,9038.235352,35905
03-07-2018,9823.950195,9838.900391,9727.650391,9784.650391,9056.28418,55736
04-07-2018,9806,9890,9772,9862.700195,9128.523438,25385
05-07-2018,9924.650391,9989.950195,9890.049805,9957.049805,9215.848633,16910
06-07-2018,9949.75,10059.75,9924.450195,9943.049805,9202.892578,36543
09-07-2018,9999,9999,9888.049805,9899.450195,9162.537109,14698
10-07-2018,9905,10059.9502,9905,10005.25,9260.460938,39314
11-07-2018,10021,10286.75,9954,10190.65039,9432.061523,55387
12-07-2018,10248,10250.5,10001.29981,10029.04981,9282.491211,35569
13-07-2018,10100,10220.09961,10074.9502,10142,9387.032227,37091
16-07-2018,10199.90039,10237.15039,10150,10200.7002,9441.363281,26933
17-07-2018,10202,10549,10190,10511.75,9729.257813,85919
18-07-2018,10530,10550.09961,10282.15039,10393.54981,9619.856445,74032
19-07-2018,10415.04981,10449.5,10222.09961,10289.29981,9523.368164,42226
20-07-2018,10295.15039,10419.9502,10200,10348.2002,9577.883789,43278
23-07-2018,10403,10447,10325.04981,10393.40039,9619.720703,19721
24-07-2018,10402,10462.09961,10252.2002,10290.54981,9524.524414,32079
25-07-2018,10309.75,10351.40039,10200,10233.59961,9471.8125,23010
26-07-2018,10203.04981,10360,10203.04981,10323.90039,9555.391602,28834
27-07-2018,10380,10412.40039,10168.5,10284.15039,9518.601563,33320
30-07-2018,10299.9502,10300,10084.7002,10122.40039,9368.891602,35115
31-07-2018,10179.90039,10580,10111.25,10530.40039,9746.521484,70114
01-08-2018,10600,10950.79981,10551.04981,10836.84961,10030.1582,69806
02-08-2018,10850,10860,10603.40039,10759.5,9958.566406,34515
03-08-2018,10810,10832,10210,10324.59961,9556.038086,165670
06-08-2018,10500,10659.29981,10400.09961,10534.65039,9750.455078,58802
07-08-2018,10604,10650,10500,10537.79981,9753.37207,37284
08-08-2018,10580.59961,10831,10577.15039,10766.34961,9964.905273,69638
09-08-2018,10767,10970,10767,10882.4502,10072.36426,81646
10-08-2018,10900,10957,10650,10686.04981,9908.791992,57383
13-08-2018,10660,10935,10615.15039,10851.25,10061.97754,52999
14-08-2018,10852,10951,10780.09961,10856.9502,10067.26367,37356
16-08-2018,10850,10955,10803,10857.25,10067.54297,49171
17-08-2018,10887,10920,10785,10873,10082.14746,58903
20-08-2018,10920,10948,10811.29981,10841.04981,10052.52148,41321
21-08-2018,10859,10990,10830,10886.40039,10094.57324,62485
23-08-2018,10948,11585,10947.40039,11544.04981,10704.38672,194040
24-08-2018,11486,11541.75,11303.29981,11362.7002,10536.22656,49459
27-08-2018,11410,11532.79981,11273,11333.34961,10509.0127,47997
28-08-2018,11399.84961,11428.90039,11308.4502,11326.09961,10502.29004,28097
29-08-2018,11358,11522,11269.15039,11299.29981,10477.44043,62350
30-08-2018,11302,11401.75,11257.7002,11286.40039,10465.47754,83213
31-08-2018,11287,11705,11287,11582.25,10739.80957,185968
03-09-2018,11679.9502,11679.9502,11251.2002,11277.90039,10457.5957,59462
04-09-2018,11330,11345.5,10779.4502,10841.2002,10052.65918,81569
05-09-2018,10838.9502,10838.9502,10175,10386.04981,9630.614258,129802
06-09-2018,10458,10560,10247,10335.54981,9583.788086,90549
07-09-2018,10370,10650,10305.54981,10446.54981,9686.714844,112689
10-09-2018,10450,10515,10275.15039,10330.29981,9578.921875,37274
11-09-2018,10300,10385,10001,10047.7002,9316.875,60262
12-09-2018,10080,10453.79981,10023,10354,9600.897461,100962
14-09-2018,10457.5,10572,10302.79981,10335.4502,9583.696289,93400
17-09-2018,10348,10722.7002,10115,10175.04981,9434.960938,30582
18-09-2018,10247,10430,10191.54981,10243.54981,9498.478516,37699
19-09-2018,10364,10501,10104,10145,9407.099609,38006
21-09-2018,10209,10258.90039,9199.950195,9749.599609,9040.458008,152670
24-09-2018,9878,9898.599609,9615,9662.5,8959.692383,31895
25-09-2018,9625.049805,9844.099609,9390,9697.349609,8992.007813,87995
26-09-2018,9799.900391,9833,9549.5,9729.349609,9021.679688,57887
27-09-2018,9796,9835,9488.5,9578.650391,8881.941406,83560
28-09-2018,9720,9813,9559.349609,9699.650391,8994.140625,115954
01-10-2018,9723.950195,9750.450195,9466.5,9609.650391,8910.6875,53328
03-10-2018,9600,9600,9320.099609,9343.799805,8664.174805,86534
04-10-2018,9180,9449.599609,9113.799805,9347.950195,8668.021484,82801
05-10-2018,9340,9500,9145.299805,9418.900391,8733.80957,103232
08-10-2018,9418.950195,9479.150391,9216.450195,9380.75,8698.436523,75687
09-10-2018,9380.75,9610.25,9257.049805,9491.950195,8801.549805,81173
10-10-2018,9480.049805,9650,9407.75,9510.25,8818.515625,54171
11-10-2018,9300,9449.950195,9047.049805,9384.400391,8701.821289,91371
12-10-2018,9460,9779.400391,9430.900391,9699.849609,8994.328125,106845
15-10-2018,9730,9730,9559,9655.900391,8953.574219,35037
16-10-2018,9659.950195,9763.650391,9636.200195,9737.5,9029.238281,49375
17-10-2018,9800,9860,9684.400391,9725.349609,9017.970703,45581
19-10-2018,9676.200195,9695.150391,9480,9609.049805,8910.128906,69090
22-10-2018,9710,9757.75,9620,9641,8939.757813,114558
23-10-2018,9301.5,9550,9300,9352.450195,8672.196289,92419
24-10-2018,9440.049805,9623.5,9436,9534.200195,8840.725586,99288
25-10-2018,9500,9769.950195,9424.5,9538.25,8844.481445,123822
26-10-2018,9588.5,9710,9467.549805,9569.450195,8873.413086,71663
29-10-2018,9759,9860.799805,9600,9683.150391,8978.842773,239463
30-10-2018,9688,9764.950195,9612.5,9718.450195,9011.572266,62706
31-10-2018,9800,10198.29981,9725,10147.84961,9409.740234,162484
01-11-2018,10239,10315.59961,9903.5,9969.5,9244.365234,77413
02-11-2018,10069.90039,10349,9990.049805,10229.65039,9485.59082,91546
05-11-2018,10234.5,10400,10163.04981,10332.65039,9581.100586,60163
06-11-2018,10335.04981,10422.09961,10081.29981,10160.25,9421.238281,39829
07-11-2018,10250,10250.04981,10150.25,10220.40039,9477.012695,3465
09-11-2018,10284,10375,10153.29981,10226,9482.206055,55600
12-11-2018,10249.84961,10350,10087.84961,10124.54981,9388.135742,36475
13-11-2018,10135,10238.09961,10079.65039,10144.09961,9406.262695,20798
14-11-2018,10156,10440.04981,10156,10394.34961,9638.311523,89492
15-11-2018,10394.40039,10517.09961,10315.09961,10463.79981,9702.709961,93404
16-11-2018,10500,10735,10475.65039,10687.25,9909.907227,114490
19-11-2018,10786,10798.90039,10138.54981,10342.65039,9590.375,143391
20-11-2018,10384,10508.79981,10172,10254.65039,9508.774414,52173
21-11-2018,10300,10349,10181.15039,10238.29981,9493.611328,41562
22-11-2018,10306.90039,10448.7002,10220.09961,10303.25,9553.836914,50964
26-11-2018,10325,10490,10325,10453.25,9692.927734,46014
27-11-2018,10450,10563.09961,10370,10518.40039,9753.339844,38216
28-11-2018,10580,10739,10543.4502,10698.7002,9920.524414,88968
29-11-2018,10777,10777,10387,10606.4502,9834.984375,178126
30-11-2018,10700,10890.40039,10594.65039,10764.84961,9981.862305,71175
03-12-2018,10819.2002,10868.9502,10645,10745.65039,9964.058594,65561
04-12-2018,10725.2002,10783.09961,10556,10589,9818.803711,51632
05-12-2018,10550,10589,10440,10488.4502,9725.567383,85798
06-12-2018,10448.2002,10448.2002,10232,10309.34961,9559.494141,43562
07-12-2018,10330,10539.9502,10330,10404.59961,9647.81543,57802
10-12-2018,10300,10438.90039,10275.04981,10398.90039,9642.53125,94778
11-12-2018,10357,10799,10322.29981,10634.54981,9861.040039,54766
12-12-2018,10635.2002,10895,10583.9502,10844.75,10103.4541,90657
13-12-2018,10950,11198.34961,10890,10996.54981,10244.87793,76137
14-12-2018,11034,11174.84961,10918.40039,10985.90039,10234.95606,62728
17-12-2018,11005,11312.9502,11004.9502,11170.59961,10407.0293,98550
18-12-2018,11173,11300,11023.59961,11094,10335.66797,67019
19-12-2018,11199.90039,11230,11112.04981,11174.29981,10410.47754,136306
20-12-2018,11150.04981,11425,11150.04981,11232.54981,10464.74609,57925
21-12-2018,11264.7002,11323.75,10958.5,11010.40039,10257.78027,66291
24-12-2018,11056,11222,10835.54981,10923.34961,10176.68164,34191
26-12-2018,10965,10987,10745,10770.04981,10033.86133,37172
27-12-2018,10849,10969,10800.09961,10942.84961,10194.84863,52311
28-12-2018,10994,11396.65039,10931.09961,11258.59961,10489.01465,56636
31-12-2018,11300,11358,11025,11084.84961,10327.14356,46430
01-01-2019,11150,11170.40039,10989.9502,11015.04981,10262.11328,31709
02-01-2019,10980.5,11160,10907.04981,11035.40039,10281.07129,28167
03-01-2019,11111,11499,10999.90039,11207.15039,10441.08203,169291
04-01-2019,11139,11198.90039,10655.54981,10851.2002,10109.46484,206163
07-01-2019,10875,10939.65039,10700,10786.09961,10048.81348,85959
08-01-2019,10800,11240,10690,11005.40039,10253.12305,134341
09-01-2019,11099.84961,11298.40039,11058.40039,11252.25,10483.09961,98483
10-01-2019,11320,11447.79981,11139.59961,11416.59961,10636.21387,76915
11-01-2019,11400.15039,11458,11151,11273,10502.43066,57253
14-01-2019,11300,11385.7002,11189.9502,11228.65039,10461.11328,51811
15-01-2019,11296,11340,11200,11282.65039,10511.42188,49470
16-01-2019,11261.04981,11291.75,10980,11055.90039,10300.1709,136679
17-01-2019,11200,11232.9502,11122,11165.7002,10402.4668,72737
18-01-2019,11200,11326.4502,11181,11248.40039,10479.5127,76762
21-01-2019,11296,11308.9502,11150.09961,11255.25,10485.89453,19108
22-01-2019,11290,11350,11200,11236.54981,10468.47168,39958
23-01-2019,11255,11348,11240,11315.90039,10542.40039,51210
24-01-2019,11315.90039,11460,11306.04981,11433.40039,10651.86719,104618
25-01-2019,11460,11517,11300,11365.59961,10588.70117,59928
28-01-2019,11365.59961,11420,11155,11360.59961,10584.04297,103963
29-01-2019,11380,11440,11293.90039,11399.09961,10619.91016,70632
30-01-2019,11420,11439.75,11280,11396.65039,10617.62988,39290
31-01-2019,11420,11538.9502,11373.04981,11497.84961,10711.91113,95373
01-02-2019,11498.04981,11622,11430.15039,11556.54981,10766.59863,61906
04-02-2019,11515,11642.15039,11500,11533.75,10745.35449,34434
05-02-2019,11534.9502,11654,11510.09961,11607.4502,10814.01953,36727
06-02-2019,11654,11654,11469.7002,11617.40039,10823.29004,27885
07-02-2019,11615,11749,11540,11715.7002,10914.87109,36168
08-02-2019,11707.9502,11751,11111,11242.7002,10474.20313,114697
11-02-2019,11300,11300,10765.4502,10843.5,10102.29004,122841
12-02-2019,10835,10850,10615.7002,10783.79981,10046.66992,97576
14-02-2019,10541,10778.9502,10310,10628.79981,9902.264648,124563
15-02-2019,10450,10740.15039,10251,10535.4502,9815.296875,414813
18-02-2019,10549,10579.9502,10176.25,10349.4502,9642.009766,87235
19-02-2019,10350.04981,10729.04981,10350.04981,10515.40039,9796.619141,88601
20-02-2019,10531.5,10638.84961,10399.25,10521.79981,9802.579102,62379
21-02-2019,10500,10671.4502,10450,10621.9502,9895.884766,70280
22-02-2019,10639.90039,10709,10561.65039,10685.4502,9955.044922,55283
25-02-2019,10739,10870,10680,10831.65039,10091.25,42086
26-02-2019,10799,10855,10666.5,10804.40039,10065.86426,72467
27-02-2019,10804.40039,10820.65039,10651.79981,10713.7002,9981.363281,85713
28-02-2019,10750,10763.4502,10555.09961,10639.75,9912.466797,111875
01-03-2019,10640,10675,10406.04981,10451.79981,9737.366211,109782
05-03-2019,10281.4502,10566.65039,10281.4502,10505.9502,9787.814453,81658
06-03-2019,10593,10593,10195,10320.75,9615.271484,145434
07-03-2019,10340,10352.59961,10165.09961,10203.34961,9505.898438,78052
08-03-2019,10219.9502,10220,10035,10095.15039,9405.09375,98498
11-03-2019,10099.34961,10329,10031.65039,10292.79981,9589.233398,114136
12-03-2019,10298.90039,10511.9502,10260.04981,10428.90039,9716.02832,83043
13-03-2019,10528,10754.9502,10500.40039,10723.29981,9990.303711,133760
14-03-2019,10758,10770,10540,10739.29981,10005.21387,55804
15-03-2019,10701.29981,10762.04981,10230.04981,10289.90039,9586.532227,183452
18-03-2019,10375,10495.40039,10271.2002,10456.59961,9741.836914,61262
19-03-2019,10456.59961,10755,10409.84961,10707,9975.119141,82821
20-03-2019,10729.90039,10749.9502,10463.5,10530.15039,9810.360352,59630
22-03-2019,10593,10649,10527.25,10600.65039,9876.039063,85656
25-03-2019,10515.04981,10549.90039,10303,10528.29981,9808.634766,109785
26-03-2019,10565.2002,10790.25,10515.9502,10691.90039,9961.052734,150685
27-03-2019,10690.9502,11049,10576.75,10892,10147.47559,139605
28-03-2019,10938.90039,11130,10801,11073.09961,10316.19434,91828
01-04-2019,10980,11121,10861.09961,10915.15039,10169.04102,81431
02-04-2019,10979.7002,10979.7002,10700,10786.79981,10049.4668,59609
03-04-2019,10947,11067,10780,11003.75,10251.58594,74692
04-04-2019,11059,11059,10850,10961.84961,10212.54981,40177
05-04-2019,10935.04981,11091,10900,10980.75,10230.15723,26013
08-04-2019,10999,11050,10804.5,10850.59961,10108.90137,37049
09-04-2019,10889,10889,10740,10790.04981,10052.49316,75730
10-04-2019,10792.5,10850,10730,10811.9502,10072.89648,48089
11-04-2019,10795,10899,10690,10764.09961,10028.31445,93902
12-04-2019,10767.90039,11000,10764.29981,10973.79981,10223.68359,49737
15-04-2019,11000,11089,10891.04981,10970.09961,10220.23438,84735
16-04-2019,11000,11218.9502,10995,11155.79981,10393.24219,89355
18-04-2019,11186.40039,11239.9502,10925,10954.4502,10205.6582,56399
22-04-2019,10965,11125,10851.54981,10879.90039,10136.20313,31883
23-04-2019,10940,10979,10872,10910.2002,10164.43262,25119
24-04-2019,10907.5,11029.54981,10705,10833.40039,10092.87988,76358
25-04-2019,10890,10990,10780,10846.4502,10105.03906,90249
26-04-2019,10851,11049.2002,10822.04981,10971.25,10221.30859,51412
30-04-2019,10900,10974.9502,10854.7002,10905.29981,10183.06836,74238
02-05-2019,10905,10905,10403.04981,10589.7002,9911.09375,44249
03-05-2019,10650,10650,10380,10485.7002,9813.757813,115448
06-05-2019,10400,10497.09961,10305.04981,10364,9721.177734,90136
07-05-2019,10401.5,10589.9502,10401,10477.09961,9827.261719,72631
08-05-2019,10487.75,10536,10275.7002,10298.34961,9659.598633,46391
09-05-2019,10295,10409,10200,10362.2002,9719.488281,46552
10-05-2019,10371.90039,10435.65039,10171.04981,10231.15039,9596.569336,61273
13-05-2019,10262,10433.25,10232.25,10300.04981,9661.193359,48042
14-05-2019,10310,10364.40039,10120.04981,10198.65039,9566.083984,54275
15-05-2019,10401,10509,10211,10268.54981,9631.647461,127190
16-05-2019,10332.7002,10401,10255.04981,10280.54981,9642.904297,39322
17-05-2019,10299.9502,10546.2002,10256.84961,10465.65039,9816.524414,65704
20-05-2019,10680,10832,10560.34961,10768.15039,10100.26074,49555
21-05-2019,10849.9502,10884.7002,10493.9502,10609.2002,9951.171875,47182
22-05-2019,10650.04981,10784.2002,10600,10700.54981,10036.85352,31497
23-05-2019,10848,10989,10680,10797.04981,10127.36816,56257
24-05-2019,10813,10849.90039,10592.29981,10660.04981,9998.865234,49465
27-05-2019,10750,11083,10700,11036.25,10351.7334,84400
28-05-2019,11040,11165,10950,11105.2002,10416.40625,133445
29-05-2019,11125,11295.9502,10987.4502,11206,10510.95313,128654
30-05-2019,11175.25,11345,11170,11320.5,10618.35254,93421
31-05-2019,11350,11540,11303.4502,11498.09961,10784.93457,70172
03-06-2019,11498.59961,11700,11498.59961,11686.4502,10961.60059,64302
04-06-2019,11600,11698,11428,11552.34961,10835.82031,96144
06-06-2019,11552.34961,11684,11530,11603.29981,10883.61035,82658
07-06-2019,11610,11628,11451,11503.84961,10790.33008,43726
10-06-2019,11607.09961,11729,11376,11698.40039,10972.81445,48341
11-06-2019,11755,11817.7002,11498.09961,11622.9502,10902.04102,72286
12-06-2019,11674,11715,11505,11695.5,10970.09277,43374
13-06-2019,11620,11661.54981,11570.04981,11613.75,10893.41309,69156
14-06-2019,11615.5,11723.65039,11451,11489,10776.40137,40564
17-06-2019,11559,11629.65039,11425.65039,11480.84961,10768.75586,45786
18-06-2019,11505.04981,11551.9502,11300,11457.59961,10746.94727,55529
19-06-2019,11478.90039,11650.5,11450,11611.7002,10891.49023,69510
20-06-2019,11613.04981,11759,11474.2002,11718.04981,10991.24316,65396
21-06-2019,11710,11790,11539.15039,11600.90039,10881.36035,111980
24-06-2019,11600,11760,11550.15039,11712,10985.56738,24222
25-06-2019,11680.04981,11737.25,11613.4502,11705.84961,10979.80078,37748
26-06-2019,11706,11950,11680.79981,11802.5,11070.45508,143213
27-06-2019,11810.29981,11866.90039,11684.4502,11802.84961,11070.78418,93927
28-06-2019,11762,11940,11755,11912.59961,11173.72656,57069
01-07-2019,11984,12023.25,11823.65039,11868.75,11132.59668,40901
02-07-2019,11860,12004.9502,11801,11964.84961,11222.73633,66647
03-07-2019,11964,11998.54981,11779.9502,11819.15039,11086.07324,63152
04-07-2019,11810,11970,11799.9502,11884.4502,11147.32227,23714
05-07-2019,11929.9502,12000,11840,11956.90039,11215.2793,35376
08-07-2019,11929,11929,11752,11801.4502,11069.4707,45507
09-07-2019,11819.79981,11824,11630,11687.04981,10962.16504,61843
10-07-2019,11715,11795,11530,11550.4502,10834.04004,44237
11-07-2019,11624.04981,11624.04981,11471.5,11506.79981,10793.09668,46492
12-07-2019,11507,11718,11507,11672.15039,10948.19043,27605
15-07-2019,11689,11689,11465.59961,11484.4502,10772.13379,19432
16-07-2019,11632,11741.9502,11487.09961,11708.65039,10982.42773,42449
17-07-2019,11706,11749.79981,11602.5,11695.40039,10969.99707,24922
18-07-2019,11726.79981,11743.59961,11542.5,11596.75,10877.4668,47394
19-07-2019,11649.90039,11725,11512.29981,11547.04981,10830.84961,86677
22-07-2019,11508.04981,11562.54981,11265,11304.7002,10603.53125,47464
23-07-2019,11305,11693,11305,11470.75,10759.28223,61563
24-07-2019,11500,11619.75,11298.75,11479.90039,10767.86523,49740
25-07-2019,11509,11666.84961,11440,11495,10782.02734,53885
26-07-2019,11525,11671.4502,11470,11623.25,10902.32422,30544
29-07-2019,11600,11690,11479.25,11620.25,10899.50879,46052
30-07-2019,11673.84961,11690.54981,11500,11536.54981,10821.00195,34459
31-07-2019,11500.04981,11740,11401,11675.90039,10951.70996,46971
01-08-2019,11664,11664,11445,11547,10830.80273,34623
02-08-2019,11425,11536.15039,11322.4502,11411.5,10703.70703,56548
05-08-2019,11528,11950,11490,11712.79981,10986.31934,122980
06-08-2019,11710,11998,11701.04981,11837.54981,11103.33203,85992
07-08-2019,11790,11909.65039,11732.15039,11777.4502,11046.96094,46996
08-08-2019,11800,11930,11775,11840.25,11105.86426,36614
09-08-2019,11780,12268.5,11700,11993.29981,11423.0791,116548
13-08-2019,11962.2002,12192.9502,11820.04981,11893.4502,11327.97559,77413
14-08-2019,11893.4502,12159,11850.09961,12036.54981,11464.27246,58376
16-08-2019,12099.90039,12107.90039,11906.90039,12004.40039,11433.65137,56885
19-08-2019,12090,12259.90039,12040.04981,12066.59961,11492.89453,44883
20-08-2019,12114,12155.84961,11916.7002,11969.79981,11400.69531,67952
21-08-2019,11970,12646.5,11970,12594.09961,11995.31641,273006
22-08-2019,12640,12799,12405.25,12470,11877.11621,100858
23-08-2019,12499.5,12547.59961,12250,12438.65039,11847.25586,58571
26-08-2019,12621.75,12621.75,12230,12391.34961,11802.2041,77906
27-08-2019,12354.09961,12550,12354.09961,12472.34961,11879.35352,92699
28-08-2019,12545,12850,12409.9502,12517.40039,11922.26172,103647
29-08-2019,12643,12890,12610,12716.84961,12112.22852,243927
30-08-2019,12725,12948.79981,12567,12875.2002,12263.04981,124005
03-09-2019,12830,12899,12597.59961,12690.9502,12087.56152,79268
04-09-2019,12699.75,12750.59961,12387.65039,12480.75,11887.35352,91435
05-09-2019,12480.04981,12675,12480.04981,12612.15039,12012.50488,52941
06-09-2019,12650,12712.2002,12505,12613.9502,12014.2207,57818
09-09-2019,12629.29981,12900,12564.7002,12836.34961,12226.04688,68341
11-09-2019,12838.9502,12841.9502,12663.34961,12758.9502,12152.32715,105665
12-09-2019,12776.4502,12836.2002,12520.29981,12556.90039,11959.88281,73503
13-09-2019,12570,12719,12509.5,12689.29981,12085.98926,56507
16-09-2019,12511.90039,12869.9502,12511.90039,12840.9502,12230.42676,48505
17-09-2019,12760.04981,12790,12706.04981,12764.25,12157.375,70472
18-09-2019,12844,12889.9502,12650,12869,12257.14648,44518
19-09-2019,12740.04981,12888,12635,12694.90039,12091.32324,77719
20-09-2019,12745,13629.4502,12531,13499.40039,12857.57227,284070
23-09-2019,13700,14117.2002,13601.84961,13713.2002,13061.20703,138605
24-09-2019,13720,13800,13310.15039,13430.7002,12792.13867,116332
25-09-2019,13424,13573,13305.09961,13458.5,12818.61523,83246
26-09-2019,13545,14144,13525.04981,13934.59961,13272.08008,897253
27-09-2019,13840,13898.15039,13600,13740.90039,13087.58984,110119
30-09-2019,13740.09961,13992,13680,13889.65039,13229.26856,96499
01-10-2019,13889,13946.9502,13649.90039,13681.54981,13031.0625,83545
03-10-2019,13680,13749.59961,13566.04981,13709.84961,13058.01465,40894
04-10-2019,13792,13792,13335.90039,13441,12801.9502,91909
07-10-2019,13508.2002,13698,13460,13603.34961,12956.5791,42763
09-10-2019,13645,13910,13510.04981,13858.29981,13199.40918,93577
10-10-2019,13857,13857,13680,13819.84961,13162.78516,27905
11-10-2019,13819.84961,14075,13819.84961,14032.40039,13365.23242,61075
14-10-2019,14135,14215,13950,14169,13495.33496,70672
15-10-2019,14152.09961,14205,14035.9502,14086.79981,13417.04492,97808
16-10-2019,14099.90039,14403.54981,14080,14351.5,13669.1582,67279
17-10-2019,14383,14630.34961,14160,14516.84961,13826.64746,114493
18-10-2019,14519.09961,14943.34961,14403.29981,14835.4502,14130.09961,121565
22-10-2019,14888,15110.9502,14836,15020,14305.87598,138011
23-10-2019,15091,15125.84961,14916.25,14983,14270.63477,58986
24-10-2019,15019,15048,14625.84961,14666,13968.70508,114813
25-10-2019,14779,14900,14461.34961,14803.34961,14099.52637,131479
27-10-2019,14935,14949.5,14778.29981,14813.40039,14109.09961,11278
29-10-2019,14868,14868,14510,14699.75,14000.85156,99038
30-10-2019,14887,14998.90039,14750.29981,14967.79981,14256.15625,58061
31-10-2019,14970.04981,15146.90039,14783.84961,14947,14236.3457,80261
01-11-2019,14947,15069.59961,14850.29981,14959.79981,14248.53711,49392
04-11-2019,14988.40039,15091.7002,14801.09961,14813.34961,14109.05078,39581
05-11-2019,14840,14885,14605.40039,14650.2002,13953.65918,83265
06-11-2019,14675,14821,14588.65039,14649.65039,13953.13477,78659
07-11-2019,14710,14790.04981,14551,14711.25,14011.80566,47438
08-11-2019,14750,14850,14374,14471.29981,13783.2627,82029
11-11-2019,14490,14599.90039,14051.09961,14108.4502,13437.66602,145341
13-11-2019,14108.4502,14329.59961,14070.25,14233.25,13556.53223,66651
14-11-2019,14250,14300.9502,14100,14231.34961,13554.7207,60476
15-11-2019,14261.84961,14437,14153.04981,14295.54981,13615.87012,75837
18-11-2019,14349.90039,14349.90039,14059.04981,14085.54981,13415.85449,64978
19-11-2019,14110,14211.90039,14009.59961,14117.09961,13445.90234,44787
20-11-2019,14117,14289,13982.5,14228.65039,13552.15137,79418
21-11-2019,14240,14280.15039,14121.09961,14179.4502,13505.28809,40484
22-11-2019,14190,14300.9502,14102,14171.5,13497.71875,43132
25-11-2019,14248.15039,14580,14155,14486.79981,13798.02734,74577
26-11-2019,14398.84961,14600,14225.4502,14524.40039,13833.83984,199248
27-11-2019,14560,14700,14226.84961,14562.7002,13870.31836,71919
28-11-2019,14635.5,14700,14574,14659.54981,13962.56152,45678
29-11-2019,14699,14699,14411,14453.9502,13766.73731,46873
02-12-2019,14453.9502,14631.29981,14285.90039,14557.65039,13865.50781,74954
03-12-2019,14553.29981,14553.29981,14305.79981,14353.5,13671.06543,54872
04-12-2019,14330,14375,14201,14306.25,13626.06055,55888
05-12-2019,14395.65039,14395.65039,14220,14289.65039,13610.25195,79335
06-12-2019,14301,14324.34961,14149,14166.29981,13492.76465,58487
09-12-2019,14230,14269,14005,14232.5,13555.81738,97712
10-12-2019,14224,14242.9502,14031.7002,14091.7002,13473.7793,61800
11-12-2019,14109,14156,14010,14066,13449.20606,48306
12-12-2019,14077.09961,14232.7002,14077.09961,14154.9502,13534.25684,66841
13-12-2019,14190,14389.5,14011,14301.59961,13674.47656,156050
16-12-2019,14260,14430.59961,14137,14151.65039,13531.10059,67072
17-12-2019,14214.90039,14247.09961,14081,14149.15039,13528.70996,81425
18-12-2019,14200,14280,14055.40039,14191.09961,13568.82129,93716
19-12-2019,14192,14299,14100,14285.40039,13658.98535,68692
20-12-2019,14260,14978,14222.04981,14858.25,14206.7168,423033
23-12-2019,14786,14993.34961,14490,14532.5,13895.25098,125031
24-12-2019,14580,14623.25,14461.84961,14586,13946.4043,39686
26-12-2019,14600,14715,14560,14599.25,13959.07324,45924
27-12-2019,14648.79981,14689.65039,14574.5,14664.15039,14021.12793,29385
30-12-2019,14679.90039,14900,14600.09961,14851.90039,14200.64551,87720
31-12-2019,14864,14924.29981,14710,14785.34961,14137.01367,62765
01-01-2020,14819,14849.34961,14712.25,14779.04981,14130.98828,23859
02-01-2020,14848.90039,14852.9502,14687.15039,14729.34961,14083.46777,46116
03-01-2020,14750,14795,14556.09961,14593.59961,13953.67188,40000
06-01-2020,14542,14542,14275,14416.65039,13784.48145,65136
07-01-2020,14423.54981,14546.75,14260.84961,14290.75,13664.10156,72237
08-01-2020,14191.59961,14450,14120.34961,14391.25,13760.19531,39488
09-01-2020,14495,14675,14450,14643.4502,14001.33496,55708
10-01-2020,14643.4502,14718.90039,14570.25,14685.84961,14041.87793,39274
13-01-2020,14747.90039,14747.90039,14601,14658.25,14015.48535,26990
14-01-2020,14657.90039,14895,14607,14868.59961,14216.61231,50378
15-01-2020,14828,14950,14718.84961,14860.2002,14208.58106,41468
16-01-2020,14851,15398,14848.09961,15354.90039,14681.58984,203208
17-01-2020,15399,15600,15358.65039,15439.4502,14762.43066,96399
20-01-2020,15230.15039,15479.40039,15230.15039,15417.25,14741.2041,68770
21-01-2020,15361.04981,15501.59961,15200,15280.75,14610.69043,63258
22-01-2020,15369,15585,15301,15548.7002,14866.88965,55627
23-01-2020,15500,15625,15455,15548.84961,14867.0332,42861
24-01-2020,15600,15850,15500.15039,15755.5,15064.62402,50632
27-01-2020,15700,15845,15559.9502,15666.04981,14979.09375,31362
28-01-2020,15664,15710,15366.79981,15416.65039,14740.63184,53107
29-01-2020,15585,15899.9502,15440,15866.75,15170.99219,64251
30-01-2020,15802,15810.84961,15471.25,15520.79981,14840.21387,47252
31-01-2020,15560,15637.25,15310.29981,15359.4502,14685.93848,59649
03-02-2020,15589,16500,15530,16301,15586.20117,203752
04-02-2020,16400,16507.90039,16127.04981,16455.59961,15734.02246,116416
05-02-2020,16476,16481.90039,16256.04981,16384.84961,15666.37598,57511
06-02-2020,16399,16549.44922,16157.79981,16284.9502,15570.85547,74084
07-02-2020,16340,16385,16194.59961,16327.79981,15611.82715,41407
10-02-2020,16300,16373.09961,16112,16172.2002,15463.04981,61270
11-02-2020,16240,16300.04981,15950,15997.15039,15295.67578,73350
12-02-2020,16026,16472.59961,15968.4502,16297.7002,15583.04785,129011
13-02-2020,16328,16461.5,16277.34961,16412.19922,15692.52441,151228
14-02-2020,16500,16782.40039,16250,16356.4502,15639.2207,165708
17-02-2020,16413,16615,16373,16588.44922,15861.04883,139788
18-02-2020,16569.90039,16569.90039,16385.05078,16403.84961,15684.54102,90013
19-02-2020,16538.59961,16831.5,16475.80078,16785.05078,16049.02441,95000
20-02-2020,16740,16740,16525.40039,16539.5,15814.24219,65732
24-02-2020,16499,16576.75,16317,16337.25,15620.86231,66516
25-02-2020,16373,16540.84961,16309.34961,16380.5,15662.21582,90916
26-02-2020,16545,16545,16150.04981,16240.15039,15528.02051,116839
27-02-2020,16300,16340.84961,16057.5,16263.75,15550.58496,90199
28-02-2020,16042,16129.04981,15680,15778.84961,15086.94824,140673
02-03-2020,15950,16315,15901,16109.9502,15403.5293,117232
03-03-2020,16130.25,16499,16130.25,16359.40039,15642.04102,93372
04-03-2020,16397,16632.5,16020,16541.5,15816.15527,111711
05-03-2020,16550,16835.15039,16482.5,16576.30078,15849.43066,85090
06-03-2020,16358.09961,16565.55078,16200.09961,16429.30078,15708.87695,86212
09-03-2020,16249.29981,16350,15701.09961,16031.34961,15328.37598,123684
11-03-2020,16005.15039,16200,15772.79981,16048.54981,15344.82227,123732
12-03-2020,15869.4502,15882.75,15045,15565.54981,14883.00195,222866
13-03-2020,15341,15855,14050,14991.79981,14334.41016,261620
16-03-2020,14800,14931.04981,13492.65039,14397.2002,13765.88379,221228
17-03-2020,14500,14777,14250,14541,13903.37891,176980
18-03-2020,14550,14738,13400,13536.79981,12943.21191,212922
19-03-2020,13000.5,13448.40039,12577.04981,13120.29981,12544.97461,214710
20-03-2020,13198,14433.09961,13150,14145.5,13525.2207,204925
23-03-2020,12750.40039,13999.79981,12750.04981,12944.65039,12377.02637,195927
24-03-2020,13889,13889,12200,13478.34961,12887.3252,258667
25-03-2020,12800,14520,12800,14444.09961,13810.72559,198722
26-03-2020,14699.7002,15100,14051.54981,14919.65039,14265.42383,205344
27-03-2020,15400,15534,14800,15108.59961,14446.08984,175244
30-03-2020,14990,15890,14687.7002,15658.65039,14972.01856,201470
31-03-2020,15849,16424.94922,15701.25,16300.59961,15585.81934,183919
01-04-2020,16300.25,16456,15500,15654.54981,14968.09961,127512
03-04-2020,15939.7002,15939.7002,15005,15104.65039,14442.31152,190776
07-04-2020,15575,17200,15426.04981,17038.65039,16291.50586,246901
08-04-2020,16650,17544.05078,16555.44922,16871.25,16131.44727,248445
09-04-2020,17436.94922,17544,16575,16839.69922,16101.28125,207508
13-04-2020,16845,16974,16330.15039,16599.94922,15872.04297,82907
15-04-2020,16657.09961,17391,16657.09961,17325.90039,16566.16016,155579
16-04-2020,17320,18001.65039,17052.15039,17895.25,17110.54297,225740
17-04-2020,18369.94922,18369.94922,17223.40039,17324.30078,16564.62891,187271
20-04-2020,17489.80078,17489.80078,16930,16976.40039,16231.98828,135197
21-04-2020,16800,17240,16700,17015.34961,16269.22754,133754
22-04-2020,17008.34961,17700,16817.19922,17642.05078,16868.44727,202241
23-04-2020,17599.94922,17800,17306,17436.05078,16671.47852,187100
24-04-2020,17300,17800,17300,17406.05078,16642.79492,145116
27-04-2020,17585,18015,17425,17950.80078,17163.6582,121986
28-04-2020,17976.5,18022.94922,17501,17569.65039,16799.22266,107543
29-04-2020,17748,17748,17400,17489.69922,16722.7793,105242
30-04-2020,17700,18000,17512,17924.65039,17138.65625,158370
04-05-2020,17420.5,17728.15039,17360.05078,17456.44922,16690.98633,118974
05-05-2020,17571,17636.94922,17100,17421.5,16657.56641,130679
06-05-2020,17421.5,17617.09961,17270,17309.30078,16550.28906,135509
07-05-2020,17200,17280,16825.25,17142.44922,16390.75391,209076
08-05-2020,17350,17820,17201.5,17802.94922,17022.29102,179200
11-05-2020,17770,17920,17490,17562.09961,16792.00195,184031
12-05-2020,17609,17777,17385,17461.94922,16696.24414,238925
13-05-2020,17750,17750,16400,16512.34961,15788.28418,562033
14-05-2020,16600,16850,16201,16242.5,15587.85254,410238
15-05-2020,16500,16550,16201.9502,16443.80078,15840.5293,271592
18-05-2020,16441,16575,16162.2002,16240.34961,15644.54199,167960
19-05-2020,16280.2002,16415.80078,16108.65039,16150.29981,15557.79688,118144
20-05-2020,16241,16594.94922,16151,16303.40039,15705.28027,179539
21-05-2020,16330,16505,16265,16295.4502,15697.62012,121080
22-05-2020,16296,16396.80078,16150,16215.15039,15620.26563,118300
26-05-2020,16380,16750,16324.40039,16655.15039,16044.12695,198692
27-05-2020,16700,16820,16487.09961,16716.5,16103.22168,167533
28-05-2020,16716.5,17030,16680,16989.15039,16365.87207,176288
29-05-2020,16950,17600,16784.55078,17540.80078,16897.2832,244466
01-06-2020,17540.80078,17749,17111,17183.44922,16553.04297,175186
02-06-2020,17477,17477,16972,17014.44922,16390.24023,132201
03-06-2020,17175,17521.94922,17152,17407.55078,16768.92188,146101
04-06-2020,17406.90039,17546.55078,17148.05078,17196.59961,16565.71094,97631
05-06-2020,17317,17460,16956.55078,17096.84961,16469.61914,162096
08-06-2020,17250,17250,16790,16836.19922,16218.53027,147070
09-06-2020,16652,16985,16521,16552.55078,15945.28906,174685
10-06-2020,16650,16832,16410,16534.69922,15928.09277,123440
11-06-2020,16550,16850,16535.75,16608.25,16058.1875,165131
12-06-2020,16300,16717.09961,16300,16496.30078,15949.94531,140678
15-06-2020,16500,16650,16370,16400.30078,15857.12598,139654
16-06-2020,16598,16598,16270,16342.09961,15800.85156,193237
17-06-2020,16345,16440,16115.15039,16198.15039,15661.66992,126959
18-06-2020,16218.5,16300,16054.59961,16178.9502,15643.10547,158445
19-06-2020,16290,16305.65039,16052.2002,16094.84961,15561.79102,168893
22-06-2020,16290,16290,16065,16140.79981,15606.21973,135915
23-06-2020,16289.79981,16720,16210.04981,16548.44922,16000.36621,244735
24-06-2020,16660,16860,16519.15039,16707.94922,16154.58496,201069
25-06-2020,16590.30078,16850,16565,16787,16231.01758,169665
26-06-2020,16850,16930,16630,16677.5,16125.14356,110341
29-06-2020,16740,16980.59961,16540,16724.84961,16170.92578,169646
30-06-2020,16799,17298,16753.90039,17174.44922,16605.63281,201033
01-07-2020,17205,17205,16720,16798.84961,16242.47559,216900
02-07-2020,16985,16985,16661.09961,16789.34961,16233.29004,146970
03-07-2020,16813.80078,16990,16650,16695.59961,16142.64356,181658
06-07-2020,16755,16842,16686.94922,16802,16245.51953,98337
07-07-2020,16855,16950,16730.05078,16912.40039,16352.26465,141356
08-07-2020,16936,17150,16737,16802.05078,16245.56836,218721
09-07-2020,16840,16965.94922,16681,16759.09961,16204.04004,91894
10-07-2020,16759.09961,16874.94922,16628,16833.09961,16275.59082,133611
13-07-2020,16885,17098,16875.05078,16956.84961,16395.24414,114029
14-07-2020,16949,17115.15039,16852,16895.80078,16336.21289,75853
15-07-2020,16940,17143,16740,16908.75,16348.73731,126519
16-07-2020,16926,17764.59961,16760,17495.65039,16916.19727,296537
17-07-2020,17494,17620,17165,17229.94922,16659.29492,125138
20-07-2020,17324,17370,17070.59961,17247,16675.78516,196574
21-07-2020,17350,17494.94922,17208.05078,17275.59961,16703.43359,211186
22-07-2020,17350,17440,17001.05078,17151.84961,16583.7832,156478
23-07-2020,17120,17298.94922,17050,17256.40039,16684.87305,106941
24-07-2020,17125.09961,17410,16960,17251.84961,16680.46875,207280
27-07-2020,17300,17414.94922,17211.90039,17350.25,16775.61133,103828
28-07-2020,17407,17474.65039,17007.69922,17095.40039,16529.20508,158967
29-07-2020,16999.94922,17199,16510.59961,16597.84961,16048.13086,450505
30-07-2020,16740,16771.94922,16451.09961,16524,15976.72949,128484
31-07-2020,16526,16674.25,16432.19922,16522.19922,15974.98633,147940
03-08-2020,16528,16600,16350,16524.80078,15977.50195,115843
04-08-2020,16635.30078,16648.55078,16413.84961,16580,16030.87305,110048
05-08-2020,16630,16643.94922,16460,16503.34961,15956.76172,97765
06-08-2020,16600,16700,16450,16677.15039,16124.80566,105888
07-08-2020,16668.90039,16899,16555.90039,16788.59961,16232.56543,88450
10-08-2020,16789.94922,16859.94922,16640,16665.75,16113.78223,64144
11-08-2020,16725,16785.65039,16581,16622.80078,16072.25586,37873
12-08-2020,16582.05078,16622.05078,16450,16540.84961,15993.01856,82163
13-08-2020,16462,16661.94922,16458.40039,16474.19922,15928.57715,66303
14-08-2020,16487,16549,16305.04981,16354.7002,15813.03613,59434
17-08-2020,16450,16524.5,16313.75,16422.90039,15878.97656,62584
18-08-2020,16400,16624.59961,16311,16554.59961,16006.31348,104400
19-08-2020,16500,16553.25,16315.5,16345.75,15804.38184,125005
20-08-2020,16300,16340,16185.25,16211.9502,15675.0127,98085
21-08-2020,16322.5,16690,16250,16561.94922,16013.4209,144143
24-08-2020,16580,16707.90039,16401,16478.80078,15933.02539,74072
25-08-2020,16456,16477.94922,16265,16288.2002,15748.73731,108867
26-08-2020,16290.5,16348.34961,16170,16190.04981,15653.83691,116508
27-08-2020,16235,16240.29981,16085,16113.7002,15580.0166,127645
28-08-2020,16156,16368,16090,16101.25,15567.97852,148489
31-08-2020,16215,16287,15875,15949.54981,15421.30371,221293
01-09-2020,15995,16254.9502,15739.90039,16196.90039,15660.46289,176947
02-09-2020,16191,16260,15970,15992.54981,15462.87891,106192
03-09-2020,16050,16439.59961,15921.25,16393.75,15850.79102,133887
04-09-2020,16155,16423.90039,16150,16232.59961,15694.97754,98932
07-09-2020,16241,16515,15972.09961,16403.5,15860.21973,104808
08-09-2020,16369.59961,16369.59961,16100,16126.5,15592.39258,105414
09-09-2020,16000,16350,16000,16312.5,15772.23242,135800
10-09-2020,16261.25,16450,16201.25,16420.69922,15876.84863,77208
11-09-2020,16400,16400,16204,16325.34961,15784.65723,81228
14-09-2020,16400,16400,16040.04981,16083.29981,15550.62402,102926
15-09-2020,16090,16165.90039,16012,16040.9502,15509.67676,94984
16-09-2020,16066.5,16225,16050,16197.79981,15661.33106,124262
17-09-2020,16240,16298.79981,16090,16121.34961,15587.41309,100681
18-09-2020,16250,16250,15925,16087.04981,15554.24902,197351
21-09-2020,16025,16049.5,15154.5,15430.75,14919.68555,277165
22-09-2020,15430,15430,15100,15199.25,14695.85254,107120
23-09-2020,15200.04981,15398.9502,15130,15366.04981,14857.12891,131430
24-09-2020,15348,15438.29981,15175,15258.84961,14753.47949,111275
25-09-2020,15495,15830,15301,15736.79981,15215.60059,178269
28-09-2020,15820,15870.54981,15620.15039,15719.79981,15199.16309,54411
29-09-2020,15800,15851.04981,15575,15620.84961,15103.48926,48179
30-09-2020,15629.9502,16028.75,15605.04981,15918.65039,15391.42676,103500
01-10-2020,15919,16050,15797.59961,16000.5,15470.56641,62638
05-10-2020,15998,16140,15732.34961,16033.15039,15502.13574,71081
06-10-2020,16033,16128,15834.04981,15876.84961,15351.01074,75278
07-10-2020,15956.2002,16124.9502,15854.65039,16114.40039,15580.69434,99647
08-10-2020,16100,16330,16052.04981,16304.59961,15764.59473,78576
09-10-2020,16250,16350,15985,16034.09961,15503.05371,74246
12-10-2020,16100,16149.59961,15860,15902.2002,15375.52344,58166
13-10-2020,15880,15979.25,15652,15673,15153.91406,76235
14-10-2020,15674,15820,15550,15673.04981,15153.95996,66595
15-10-2020,15700,15788,15561.79981,15602.75,15085.98926,50244
16-10-2020,15650,15820.40039,15375,15430.25,14919.20313,132361
19-10-2020,15550,16178,15425.04981,16093.15039,15560.14746,182794
20-10-2020,15900,16410,15850,16252.54981,15714.26758,203344
21-10-2020,16240,16314.4502,15942.04981,16030.84961,15499.91016,150091
22-10-2020,15990.04981,16081.09961,15768.04981,15909.4502,15382.53223,113580
23-10-2020,15930,16066,15807.25,15865.4502,15339.98828,73595
26-10-2020,16200,16375,16052.15039,16259.34961,15720.84277,346006
27-10-2020,16480,17300,16395.55078,17229.84961,16659.19727,493567
28-10-2020,17150,17295,16934.30078,17119.15039,16552.16602,163262
29-10-2020,16780.05078,17215.94922,16711.84961,16870.59961,16441.50391,136561
30-10-2020,16891,17360,16890,17161.59961,16725.10156,239316
02-11-2020,17201,17360,16940,17114.94922,16679.64063,84764
03-11-2020,17239,17269.94922,16760,16892.5,16462.84766,104743
04-11-2020,17000,17200,16825,16997.09961,16564.78906,97909
05-11-2020,17100,17399,17020.80078,17221.30078,16783.28516,101747
06-11-2020,17240,17279.84961,16903.09961,17006.65039,16574.0957,119003
09-11-2020,17148,17370,17002,17332,16891.16992,111432
10-11-2020,17332,17332,16582.84961,16604.75,16182.41797,289666
11-11-2020,16670,16828.05078,16475,16697.59961,16272.90527,248311
12-11-2020,16799,16900,16533.59961,16718.59961,16293.37207,147831
13-11-2020,16725,16890,16650,16825.65039,16397.69922,74273
14-11-2020,16899,16899,16751,16838.15039,16409.88086,10447
17-11-2020,16950,17065.84961,16853.05078,16982.84961,16550.90039,119504
18-11-2020,16950,16969.40039,16671.84961,16872.59961,16443.45117,144633
19-11-2020,16840,17200,16786.05078,16934.15039,16503.4375,180222
20-11-2020,17050,17500,16915.15039,17460.40039,17016.30273,254010
23-11-2020,17461,17848.90039,17460.40039,17786.40039,17334.01367,202645
24-11-2020,17750,17971.19922,17600,17677.59961,17227.98047,214497
25-11-2020,17789,17789,17340,17520.19922,17074.58398,106508
26-11-2020,17599,17839,17280,17741.94922,17290.69336,145376
27-11-2020,17850,18068.90039,16949.75,17888.94922,17433.95508,1106746
01-12-2020,18067.80078,18067.90039,17331.55078,17418.15039,16975.12695,235086
02-12-2020,17418.15039,17449.80078,17150,17266.44922,16827.28516,161952
03-12-2020,17450,17540.05078,17316,17492.15039,17047.24609,127275
04-12-2020,17550,17877.5,17520,17828.69922,17375.23828,124700
07-12-2020,17651,17900,17449.84961,17562.55078,17115.85547,126030
08-12-2020,17674,17729.40039,17386.25,17519.44922,17073.85156,118699
09-12-2020,17543.59961,17641.69922,17481.15039,17569.15039,17122.28906,89503
10-12-2020,17607,18404,17562.19922,18352.69922,17885.91016,304461
11-12-2020,18300,18460,18200,18401.09961,17933.07422,162941
14-12-2020,18354.69922,18679,18300,18591.80078,18118.92773,130713
15-12-2020,18460.30078,18550,18130.84961,18189.90039,17727.25,135755
16-12-2020,18398,18734.94922,18250.15039,18323.44922,17857.40039,221607
17-12-2020,18338,18395.15039,18136.80078,18305.34961,17839.76172,98104
18-12-2020,18395,18599,18158,18362.75,17895.70117,249790
21-12-2020,18262.75,18525,18101,18192.59961,17729.87891,142222
22-12-2020,18200,18665,18000,18553.55078,18081.65234,132774
23-12-2020,18555.05078,18812,18514.94922,18732.69922,18256.24219,102845
24-12-2020,18612.19922,18830,18372.59961,18566.34961,18094.12305,125437
28-12-2020,18844,18844,18520,18597.34961,18124.33398,65357
29-12-2020,18620,18700,18175.40039,18262.65039,17798.14844,198714
30-12-2020,18399.5,18468,18230,18379.25,17911.78516,93654
31-12-2020,18278.05078,18450,18257.5,18390.25,17922.50586,85442
01-01-2021,18389.69922,18520,18306.05078,18450.69922,17981.41406,50286
04-01-2021,18495,18630,18329.75,18377.94922,17910.51563,62035
05-01-2021,18343.5,18620,18278.05078,18558.25,18086.23047,83673
06-01-2021,18510.05078,18600,18430,18515.25,18044.32617,57706
07-01-2021,18599,18615,18050.09961,18127.30078,17666.24414,120605
08-01-2021,18227.30078,18350,18000,18306.25,17840.64063,151635
11-01-2021,18350,18545.84961,18188.09961,18391.44922,17923.67188,114555
12-01-2021,18410,18439.94922,17950,17999.09961,17541.30273,141566
13-01-2021,18039.94922,18275,17965,18019.30078,17560.98828,109387
14-01-2021,18049,18229.40039,18049,18132.59961,17671.4043,58488
15-01-2021,18110.05078,18249,17800,17834,17380.4043,96401
18-01-2021,17849.94922,18074,17556.75,17630.69922,17182.27148,120674
19-01-2021,17730,17820.5,17670,17754.69922,17303.11719,62849
20-01-2021,17767,17940,17623.05078,17681.30078,17231.58789,73831
21-01-2021,17770,17900,17655.34961,17716.30078,17265.69531,70977
22-01-2021,17784,17882.30078,17550,17589.59961,17142.2168,98250
25-01-2021,17652,17700,17229.84961,17415.25,16972.30078,116436
27-01-2021,17472.94922,17597.69922,17340.25,17538.09961,17092.02734,66402
28-01-2021,17470,17520,17203,17387.65039,16945.4043,89055
29-01-2021,17385.05078,17467.84961,16961.30078,17060,16626.08789,112888
01-02-2021,17200,17275.69922,17000,17087.69922,16653.08398,84406
02-02-2021,17150.05078,17350,17054.5,17190.30078,16753.07422,130298
03-02-2021,17200.05078,17289,17051,17166.40039,16729.78125,112325
04-02-2021,17199.90039,17226.94922,17052.44922,17074,16639.73047,92100
05-02-2021,17131.05078,17167.19922,17003,17115.75,16680.41797,98097
08-02-2021,17180,17284.90039,17101.15039,17218.19922,16780.26367,121607
09-02-2021,17211,17510,17150,17318.94922,16878.45117,121012
10-02-2021,17340.19922,17436.80078,17086.5,17177.34961,16740.45313,116576
11-02-2021,17189.90039,17447.44922,17150,17412.25,16969.37891,65366
12-02-2021,17410.09961,17519,17240,17294.30078,16854.42773,54528
15-02-2021,17349,17506.75,17258.05078,17479.84961,17035.25781,110119
16-02-2021,17555,17646,17139.09961,17217.25,16779.33789,229774
17-02-2021,16900,16900,16350,16741.19922,16315.39453,599343
18-02-2021,16756,16900,16300,16364.7002,15948.47266,251066
19-02-2021,16430,16464.69922,16212.9502,16376.40039,15959.875,130275
22-02-2021,16411.05078,16530,16024.59961,16096.29981,15686.89844,214915
23-02-2021,16131,16255,16002.09961,16169.9502,15758.67676,142998
24-02-2021,16283,16378,16100,16346.15039,15930.39551,84342
25-02-2021,16306,16373.29981,16100,16113.90039,15704.05176,185713
26-02-2021,16050.5,16284.40039,16003.90039,16101.59961,15692.06445,226873
01-03-2021,16236,16367.59961,16100,16292.4502,15878.06152,90718
02-03-2021,16302,16620,16289.75,16576.15039,16154.54395,123097
03-03-2021,16705,16720,16546.65039,16699.25,16274.51367,92873
04-03-2021,16656.55078,16707.94922,16445,16661.80078,16238.0166,129981
05-03-2021,16516,16840,16456,16782.90039,16356.03516,102741
08-03-2021,16725.05078,16900,16607,16852.44922,16423.81641,91842
09-03-2021,16910.19922,16949.94922,16660,16910.80078,16480.68359,92717
10-03-2021,16949.69922,17000,16785,16931.44922,16500.80664,63788
12-03-2021,16977,17009.84961,16650,16722.44922,16297.12305,84914
15-03-2021,16879.84961,16879.84961,16630,16833.05078,16404.91016,68983
16-03-2021,16835,17020,16695,16741.94922,16316.125,84470
17-03-2021,16790,16790,16340.04981,16455.75,16037.20606,157173
18-03-2021,16467.90039,16624.94922,16180,16201.25,15789.17969,96365
19-03-2021,16200,16595,16070,16450.84961,16032.43066,199416
22-03-2021,16451,16675,16351,16588.05078,16166.14356,108786
23-03-2021,16575,16750,16506.40039,16681.34961,16257.06836,100358
24-03-2021,16600,16769.80078,16419.25,16448.09961,16029.75098,75555
25-03-2021,16425,16584.5,16116,16170.09961,15758.82227,108704
26-03-2021,16299,16618.44922,16254,16571.75,16150.25488,126578
30-03-2021,16610,17253.55078,16610,17165,16728.41797,148902
31-03-2021,17299,17299,16951.55078,17165.19922,16728.61133,110331
01-04-2021,17165.19922,17188.55078,16967.59961,17083.15039,16648.65039,83176
05-04-2021,17150,17150,16723.90039,16880.55078,16451.20508,81557
06-04-2021,16910,17120,16800,17081.69922,16647.23633,64193
07-04-2021,17100,17865.94922,17025,17409.84961,16967.03711,178465
08-04-2021,17425.05078,17759,17326.84961,17689.90039,17239.9668,118006
09-04-2021,17611.09961,17849,17500,17592.40039,17144.94727,73944
12-04-2021,17375.15039,17620,17341.09961,17501.69922,17056.55273,57532
13-04-2021,17587,17599.94922,17040.09961,17168.84961,16732.16797,110527
15-04-2021,17325,17400,16775,16875.65039,16446.42578,118314
16-04-2021,16969,17335,16862.80078,17252.09961,16813.30078,94190
19-04-2021,17201.05078,17240,16950,17089.94922,16655.27539,50938
20-04-2021,17420,17420,16890.05078,17095.65039,16660.83008,103687
22-04-2021,17190,17190,16551.25,16790.44922,16363.39356,204431
23-04-2021,16785,16799.30078,16605,16625.69922,16202.83203,68600
26-04-2021,16799.05078,16895,16663.65039,16870.59961,16441.50391,152362
27-04-2021,16899,16930,16750,16779,16352.23731,44651
28-04-2021,16775,16831.09961,16611,16633.80078,16210.72852,86876
29-04-2021,16679,16714.59961,16480,16502.55078,16170.30859,80207
30-04-2021,16500,16569.19922,16255,16309.25,15980.89941,97783
03-05-2021,16360,16574.94922,16272.65039,16506.75,16174.42383,64048
04-05-2021,16510.25,16620,16380,16546.59961,16213.47266,105796
05-05-2021,16561.05078,16610,16457.44922,16549.25,16216.06934,35322
06-05-2021,16525.05078,16769.80078,16525.05078,16717.59961,16381.0293,70319
07-05-2021,16788.55078,16798.09961,16665,16761.34961,16423.89844,37666
10-05-2021,16830,16850,16670,16787.30078,16449.32813,47658
11-05-2021,16749,16949,16710.34961,16870.09961,16530.45898,60063
12-05-2021,16770.25,16857.40039,16620,16717.90039,16381.3252,60576
14-05-2021,16717,17260,16605,17224.15039,16877.38281,96582
17-05-2021,17220,17300,17000.59961,17037.94922,16694.93164,60703
18-05-2021,17120.19922,17248.94922,17042,17180.59961,16834.70898,55439
19-05-2021,17187,17465,17187,17449.34961,17098.04492,88437
20-05-2021,17460,17499.65039,17222,17285.34961,16937.34766,49253
21-05-2021,17385.34961,17550,17280.25,17497.09961,17144.83594,67260
24-05-2021,17400.05078,17588.05078,17300.75,17360.30078,17010.79102,57206
25-05-2021,17497,17758.80078,17422.05078,17516.09961,17163.45117,71952
26-05-2021,17516.09961,17617.34961,17368,17541.30078,17188.14648,45803
27-05-2021,17550,17900,17435.30078,17746.69922,17389.41016,119663
28-05-2021,17770,17814.34961,17500,17509.40039,17156.88867,53162
31-05-2021,17509,17745.25,17415.25,17695.55078,17339.29102,57023
01-06-2021,17599,17810,17479.15039,17758.5,17400.9707,57751
02-06-2021,17516.19922,17813.19922,17510.09961,17653.5,17298.08594,74262
03-06-2021,17650,17854.94922,17560,17799.40039,17441.04883,50399
04-06-2021,17691.05078,17706.40039,17380,17426.80078,17075.95313,201822
07-06-2021,17474.55078,17590,17353.5,17532.55078,17179.57422,49436
08-06-2021,17530.05078,17612.94922,17403.40039,17482.59961,17130.62695,47447
09-06-2021,17460,17625.59961,17440,17557.15039,17203.67578,41878
10-06-2021,17525,17675,17490,17556.09961,17202.64844,42053
11-06-2021,17609,17609,17365,17536.40039,17183.34375,48997
14-06-2021,17461.40039,17630,17417.59961,17577.5,17223.61523,36523
15-06-2021,17646,17710,17511,17684.80078,17328.75781,47196
16-06-2021,17650.19922,18068.5,17613.05078,17965.19922,17603.50977,116962
17-06-2021,17915,18189.30078,17900,18059.05078,17695.47266,75787
18-06-2021,18059,18098.94922,17600,17670.65039,17314.89063,147670
21-06-2021,17631.40039,17710.05078,17513,17649.15039,17293.82422,40180
22-06-2021,17670,17747.94922,17410,17436.55078,17085.50391,70532
23-06-2021,17499.94922,17560,17370,17414.80078,17064.19336,37084
24-06-2021,17415.05078,17670,17322.40039,17619.75,17265.01563,65045
25-06-2021,17570.25,17650,17435,17506.69922,17154.24219,39000
28-06-2021,17507.05078,17620,17453.5,17506.15039,17153.70313,40450
29-06-2021,17590,17750,17489.65039,17599.25,17244.92969,71096
30-06-2021,17640,17745,17575,17633,17278,51567
01-07-2021,17630,17725,17569.5,17646.19922,17290.93164,26700
02-07-2021,17679,17680,17486,17602,17247.62109,30723
05-07-2021,17605.09961,17712,17523.30078,17641.34961,17286.18164,34322
06-07-2021,17635.55078,17637.84961,17417,17470.09961,17118.37891,62551
07-07-2021,17400,17800,17360.25,17716.94922,17360.25586,54519
08-07-2021,17616,17699.84961,17538.09961,17618.90039,17264.18555,29868
09-07-2021,17555.05078,17680,17550,17636,17280.93945,26941
12-07-2021,17755.30078,17755.34961,17571.59961,17641.40039,17286.23242,33301
13-07-2021,17730,17733,17601.09961,17691.90039,17335.71484,25004
14-07-2021,17691.90039,17691.90039,17520,17539.69922,17186.57617,50861
15-07-2021,17525,17657.80078,17450,17621.84961,17267.07227,27839
16-07-2021,17655,17715,17537.94922,17654.19922,17298.77148,36685
19-07-2021,17550,17845,17550,17752.44922,17395.04297,51402
20-07-2021,17749.94922,17907,17701,17856.09961,17496.60742,44594
22-07-2021,17856.09961,18046.44922,17700,17994.80078,17632.51563,113317
23-07-2021,17930.34961,18224,17882.25,18143.94922,17778.66211,75231
26-07-2021,18071.84961,18187.75,18010.80078,18101.34961,17736.91992,53495
27-07-2021,18012,18449,17972.5,18226.09961,17859.15625,139157
28-07-2021,18334,18334,17901,18022.55078,17659.70898,87637
29-07-2021,17950,18200,17780,17914.75,17554.07617,135536
30-07-2021,17914.75,17955.94922,17655.05078,17702.65039,17346.24609,83370
02-08-2021,17795.80078,17900.80078,17675,17714.65039,17358.00586,31974
03-08-2021,17670.19922,18380,17654,18284.09961,17915.99023,63128
04-08-2021,18294.09961,18349.94922,18017.09961,18057.34961,17693.80664,40822
05-08-2021,18150,18284.09961,18002,18208.75,17842.16016,37964
06-08-2021,18200,18208,17980,18020.65039,17657.84375,38374
09-08-2021,18070,18235,18020.65039,18202.30078,17835.83789,30636
10-08-2021,18210,18370.69922,18085.09961,18273.30078,17905.4082,61467
11-08-2021,18315,18315,18025.34961,18167.80078,17802.0332,34985
12-08-2021,18180.80078,18247.94922,18080,18133.84961,17768.76367,24494
13-08-2021,18199.69922,18290.05078,18131.69922,18269.55078,17901.73633,41123
16-08-2021,18269.55078,18499,18177.15039,18295.25,17926.91406,44971
17-08-2021,18350,18797.44922,18301.40039,18732.55078,18355.41406,75201
18-08-2021,18751,18969,18750.05078,18911,18530.26953,39988
20-08-2021,18555.25,19641.09961,18555.25,19571.25,19177.22656,143107
23-08-2021,19700,20095,19557.65039,20021.05078,19617.96875,148742
24-08-2021,20100,20199,19665,19779.84961,19381.62695,83084
25-08-2021,19786,20325,19786,19909.84961,19509.00781,100159
26-08-2021,19974.94922,20119.69922,19805.55078,20052.69922,19648.98242,63204
27-08-2021,20100,20100,19896,19957.34961,19555.55469,35104
30-08-2021,20050,20122.5,19684.25,19742.25,19344.7832,133958
31-08-2021,19745,19839.94922,19350,19467.75,19075.81055,227370
01-09-2021,19746.80078,19890,19552.09961,19826.84961,19427.67773,104843
02-09-2021,19874,20290,19761,20240.59961,19833.10156,78577
03-09-2021,20250,20343,20101.05078,20266.65039,19858.62891,46978
06-09-2021,20260.15039,20348,20160,20223.19922,19816.05078,34069
07-09-2021,20166.15039,20392.69922,20166.15039,20368.44922,19958.37695,34153
08-09-2021,20300,20530,19785,19839.59961,19440.17383,172373
09-09-2021,19910,20525,19840.40039,20457.19922,20045.33984,110361
13-09-2021,20300,20500,20230,20452.25,20040.48828,37503
14-09-2021,20450,20609.15039,20180,20230.44922,19823.1543,59185
15-09-2021,20369.84961,20370,20087.90039,20119.19922,19714.14453,37606
16-09-2021,20106.05078,20241.69922,19970,20027.84961,19624.63281,51265
17-09-2021,20155,20299,20100.05078,20175.69922,19769.50781,95129
20-09-2021,20125,20386,20101,20322.59961,19913.44922,91513
21-09-2021,20200,20330,20002.15039,20189.55078,19783.08008,108411
22-09-2021,20173.84961,20173.84961,19810.09961,19925.19922,19524.05078,107523
23-09-2021,20000,20121,19820,19839,19439.58594,53724
24-09-2021,19927,19980,19800,19864.25,19464.33008,41894
27-09-2021,19900,19900,19601.09961,19642.19922,19246.75,45974
28-09-2021,19690,19718.65039,19459.05078,19544.75,19151.25977,57686
29-09-2021,19544.75,19700,19421.65039,19506.75,19114.02539,46295
30-09-2021,19478.30078,19589.94922,19316.15039,19445.55078,19054.05859,44373
01-10-2021,19445,19644.94922,19252.05078,19549.94922,19156.35547,39869
04-10-2021,19549.94922,19650,19362.05078,19492.94922,19100.50195,32796
05-10-2021,19500,19587.05078,19344.84961,19395.55078,19005.06641,27328
06-10-2021,19444.90039,19624.25,19078,19157.15039,18771.46484,72608
07-10-2021,19200.80078,19304.19922,18955.34961,19045.65039,18662.20898,47695
08-10-2021,19055,19179.94922,18937.55078,18986.44922,18604.20117,87246
11-10-2021,19021,19195.5,19002.65039,19084.65039,18700.42383,38802
12-10-2021,19068.90039,19450,18970.05078,19415.69922,19024.80664,72249
13-10-2021,19500,19605.05078,19226.05078,19320.65039,18931.67188,53925
14-10-2021,19394,19428.75,19225,19325.40039,18936.32813,42190
18-10-2021,19600,19600,19220,19438.44922,19047.09766,56303
19-10-2021,19475,19732.05078,19284.05078,19368.44922,18978.50977,59302
20-10-2021,19300,20200,19050.44922,19277.65039,18889.53906,217769
21-10-2021,19460,19680,19056.69922,19233.15039,18845.93359,75962
22-10-2021,19438,19438,18850,19006.69922,18624.04297,45515
25-10-2021,19000,19000.94922,18604.34961,18696.25,18319.84375,54146
26-10-2021,18679.90039,19280,18638.94922,19217.59961,18942.14258,106658
27-10-2021,19197.30078,19420,18911.55078,19004.59961,18732.19727,52882
28-10-2021,19010,19118.5,18853.5,18991.40039,18719.18555,31450
29-10-2021,19000,19200,18758.15039,19000.15039,18727.81055,49275
01-11-2021,19098.90039,19098.90039,18735.94922,18939.59961,18668.12695,42571
02-11-2021,18901,19034.05078,18639.55078,18773.94922,18504.84961,34949
03-11-2021,18860,18887.94922,18561,18737.15039,18468.58008,44479
04-11-2021,18900,18949,18811.90039,18889.25,18618.5,6905
08-11-2021,18949,19095.94922,18680,19049.25,18776.20703,43312
09-11-2021,19016.94922,19045,18801.05078,18940.75,18669.25977,43648
10-11-2021,18947.90039,19042.59961,18800,18952.90039,18681.23828,38059
11-11-2021,18950,18950,18670.05078,18854,18583.75586,41956
12-11-2021,18950,19259.19922,18860.84961,19142.44922,18868.07227,66512
15-11-2021,19200,19499,19069.84961,19476.59961,19197.42969,50833
16-11-2021,19450.15039,19599,19321,19462.09961,19183.13672,46120
17-11-2021,19404,19565,19363,19477.05078,19197.875,54276
18-11-2021,19400,19488.80078,19280.05078,19405.5,19127.34766,41607
22-11-2021,19413.5,19565.84961,18832.5,18995.34961,18723.07813,44138
23-11-2021,18996,19246.40039,18904.69922,19181.55078,18906.60938,36960
24-11-2021,19200,19290,18950,19086.90039,18813.31641,34355
25-11-2021,19085,19210,18905.69922,19178.05078,18903.16211,29745
26-11-2021,19148.84961,19434.09961,18982.5,19222.25,18946.72656,56441
29-11-2021,19050,19162.30078,18800,19000.40039,18728.05664,48107
30-11-2021,19000.40039,19424.90039,18935.44922,19152.55078,18878.02539,169780
01-12-2021,19210,19449.90039,19161.90039,19397.80078,19119.76172,54812
02-12-2021,19397.80078,19650,19226.75,19503.19922,19223.65039,48600
03-12-2021,19402.19922,19498.80078,19137,19321.34961,19044.4043,75448
06-12-2021,19400,19415.59961,18929.15039,19016.5,18743.92578,34927
07-12-2021,19226,19443.65039,18976,19344.25,19066.97852,70429
08-12-2021,19225.05078,19524.94922,19225.05078,19479.09961,19199.89453,33578
09-12-2021,19500,19549,19162.44922,19284.75,19008.33008,40522
10-12-2021,19221,19310,19030.44922,19270.25,18994.03906,39449
13-12-2021,19220.19922,19349.5,18924,18982,18709.91992,54490
14-12-2021,18953.09961,19322.94922,18913.40039,19238.80078,18963.03906,69067
15-12-2021,19151.05078,19303.09961,19050,19203.09961,18927.84961,64909
16-12-2021,19205,19315.34961,19125.40039,19257.15039,18981.12695,40417
17-12-2021,19115.05078,19233.05078,19000,19079.65039,18806.17188,54278
20-12-2021,19000,19068.19922,18600,18881.25,18610.61328,71310
21-12-2021,18987,19285.94922,18900.05078,19220.5,18945.00195,34678
22-12-2021,19230,19339.94922,19012.30078,19190.59961,18915.5293,36612
23-12-2021,19295,19299.94922,19155,19208.55078,18933.22266,47569
24-12-2021,19208.55078,19434.05078,19171.09961,19224.19922,18948.64844,34220
27-12-2021,19186,19400,19099.44922,19302.34961,19025.67773,26588
28-12-2021,19350,19468.55078,19235,19355,19077.57422,21049
29-12-2021,19355,19451,19251.55078,19399.65039,19121.58398,29269
30-12-2021,19390,19585,19323.19922,19406.55078,19128.38477,39868
31-12-2021,19375,19814.94922,19350.19922,19705.69922,19423.24805,39887
03-01-2022,19695,19814,19638.05078,19677.94922,19395.89453,25869
04-01-2022,19678,19947.80078,19628.05078,19889.05078,19603.96875,35034
05-01-2022,19874,20025,19829.09961,19935.75,19650,32432
06-01-2022,19750.09961,19935.75,19535,19647.55078,19365.92969,30709
07-01-2022,19650.5,19960,19587.05078,19902.84961,19617.57031,48983
10-01-2022,19903,19968.90039,19679.05078,19708,19425.51367,20617
11-01-2022,19550,19825,19550,19761.94922,19478.68945,31788
12-01-2022,19850,19850,19660,19707.09961,19424.62695,23711
13-01-2022,19750,19750,19600,19714.40039,19431.82422,35383
14-01-2022,19714.40039,19719.34961,19270,19400.15039,19122.07813,37190
17-01-2022,19400,19515,19111.09961,19333.19922,19056.08594,36403
18-01-2022,19282,19450,19188,19379.59961,19101.82031,36208
19-01-2022,19370,19444.94922,18572.09961,18937,18665.56641,82383
20-01-2022,18800,19080,18605.05078,18734.09961,18465.57422,79056
21-01-2022,18660,19062.25,18610.05078,18974.25,18702.28125,55241
24-01-2022,18974.25,19040,18600,18717.75,18449.45898,53437
25-01-2022,18573.15039,18884.05078,18312.94922,18790.75,18521.41211,57880
27-01-2022,18550,18790,18217.75,18385.44922,18121.91992,54259
28-01-2022,18400,18649,18328.25,18384.40039,18120.88672,37423
31-01-2022,18428,18639.90039,18428,18521.55078,18256.07031,29761
01-02-2022,18600,18778.19922,18421,18671.69922,18404.06641,26791
02-02-2022,18820,18850,18440.65039,18500.65039,18235.46875,60416
03-02-2022,18420,18579.65039,18261.09961,18306.59961,18044.20117,34354
04-02-2022,18400,18400,18202.80078,18331.65039,18068.89258,44924
07-02-2022,18331.65039,18420,17911,18072.75,17813.70117,48469
08-02-2022,18205,18214.25,17990,18087.15039,17827.89648,39385
09-02-2022,18090,18237.15039,18021.44922,18135.05078,17875.11133,48243
10-02-2022,18101,18212.90039,18010,18139.84961,17879.83984,50422
11-02-2022,18135,18135,17620,17815.19922,17559.84375,95980
14-02-2022,17716,17800.25,17429.80078,17670.25,17416.97266,42917
15-02-2022,17670.25,18323.25,17571.44922,18187.09961,17926.41406,50170
16-02-2022,18167,18397.40039,18033.5,18223.80078,17962.58984,40410
17-02-2022,18400,18400,17960.15039,18126,17866.18945,113840
18-02-2022,17988,18232.40039,17811.09961,18009.30078,17751.16211,96328
21-02-2022,17977,18160,17825,18106.09961,17846.57422,37036
22-02-2022,17985,18193.34961,17739.65039,18111,17851.40625,63087
23-02-2022,18111,18209.55078,17835,17926.65039,17669.69727,59248
24-02-2022,17730,17968.69922,17560,17744.75,17490.4043,112105
25-02-2022,17800,17894.94922,17600,17715.09961,17461.17969,80989
28-02-2022,17700,17769.30078,17330,17639.15039,17386.31836,157873
02-03-2022,17600,17889.40039,17457.05078,17844.59961,17588.82422,86631
03-03-2022,17880,17880,17389.55078,17436.5,17186.57227,66964
04-03-2022,17300,17544.05078,17021,17391.84961,17142.5625,51705
07-03-2022,17100,17407.75,17040,17342.05078,17093.47852,66542
08-03-2022,17300,17530,16965,17263.30078,17015.85742,97724
09-03-2022,17380,17380,17065.65039,17145.59961,16899.8418,71122
10-03-2022,17300,17685.25,17221,17649.09961,17396.125,66489
11-03-2022,17600,17618.05078,17230,17327.44922,17079.08594,73279
14-03-2022,17477.44922,17477.44922,17158,17367.19922,17118.26563,38665
15-03-2022,17420,17560,17245.05078,17461.59961,17211.3125,62211
16-03-2022,17610,17885.5,17471,17823.40039,17567.92578,48390
17-03-2022,17785.94922,18374.84961,17785.94922,18284.19922,18022.12109,100890
21-03-2022,18350,18370,17813.5,17876.44922,17620.2168,40335
22-03-2022,17727,17869.94922,17253.65039,17429.25,17179.42578,140224
23-03-2022,17535,17550,17261,17344.19922,17095.5957,59279
24-03-2022,17328,17500,17260,17408.09961,17158.58008,43181
25-03-2022,17478,17478,17075,17161.19922,16915.2168,53217
28-03-2022,17250,17348.94922,16790,16860.05078,16618.38672,80111
29-03-2022,16900,16999.94922,16820,16921.90039,16679.34766,83759
30-03-2022,17108,17347.55078,17022.59961,17298,17050.05859,74970
31-03-2022,17250,17433.80078,17202.90039,17380.55078,17131.42773,62281
01-04-2022,17380.55078,17607.69922,17250,17557.19922,17305.54102,31159
04-04-2022,17610,17866.5,17462.05078,17820.15039,17564.72266,39784
05-04-2022,17826,18060,17718.40039,18023.19922,17764.86133,39782
06-04-2022,17975,18260,17863,18216.75,17955.63867,47058
07-04-2022,18150,18250,17985,18188.40039,17991.89258,37487
08-04-2022,18152,18496,18069.65039,18452.80078,18253.43945,34281
11-04-2022,18418,18520.25,18213,18426.34961,18227.27148,37669
12-04-2022,18275.30078,18499,18222.5,18417.80078,18218.81641,54900
13-04-2022,18475,18549,18250,18382.40039,18183.79883,27330
18-04-2022,18300,18686,18300,18561.5,18360.96289,53773
19-04-2022,18540.5,18725,17832.25,17948.59961,17754.68359,65942
20-04-2022,18198.90039,18418.94922,17989.94922,18305.19922,18107.42969,88177
21-04-2022,18051,18567.90039,17751,18202.94922,18095.25391,185341
22-04-2022,18040.09961,18249.44922,17832.09961,18187.75,18080.14453,108707
25-04-2022,17900,18350,17850.09961,18174.69922,18067.16992,84507
26-04-2022,18300,18544.19922,18200,18415.75,18306.79492,70593
27-04-2022,18152,18465.69922,18150,18223,18115.18555,67430
28-04-2022,18238.5,18534.80078,18175.05078,18427.69922,18318.67383,78958
29-04-2022,18410,18665.59961,18265.80078,18330.30078,18221.85156,63398
02-05-2022,18269,18480,18210,18440.55078,18331.44922,41597
04-05-2022,18281.09961,18472.09961,17970.65039,18087.75,17980.73438,60857
05-05-2022,18310.15039,18378.40039,17506,17603.75,17499.59961,63313
06-05-2022,17499.80078,17599.69922,16975,16995.44922,16894.89648,89997
09-05-2022,16993.44922,17055.30078,16450,16504.34961,16406.70313,115147
10-05-2022,16640,16680,16401,16520.59961,16422.85742,67177
11-05-2022,16520.59961,16639.09961,16234.90039,16512.40039,16414.70703,61787
12-05-2022,16484.5,16484.5,16126.75,16220,16124.03613,71776
13-05-2022,16490,16562.30078,16304.90039,16402.94922,16305.90234,55439
16-05-2022,16502,16520,16134.4502,16218.84961,16122.89258,52483
17-05-2022,16390,16390,16164.65039,16323.40039,16226.82422,86305
18-05-2022,16323.40039,16418.34961,16212,16343.59961,16246.9043,96009
19-05-2022,16170,16244.9502,16000,16094.25,15999.0293,70502
20-05-2022,16321,16960,16250.04981,16862,16762.23828,152477
23-05-2022,17059.94922,17370,16911.30078,16994.30078,16893.75586,103173
24-05-2022,17149,17278.30078,16853.09961,17187.09961,17085.41406,92410
25-05-2022,17280,17586,17203.44922,17283.75,17181.49219,81501
26-05-2022,17435,17730,17321.44922,17652.5,17548.06055,105581
27-05-2022,17750,17826.94922,17487.19922,17641.05078,17536.67969,42527
30-05-2022,17700,17986.90039,17634.84961,17706.90039,17602.13867,52058
31-05-2022,17705.05078,18157.59961,17457,17691.5,17586.83008,359537
01-06-2022,17580,17848.44922,17180.09961,17241.55078,17139.54297,58247
02-06-2022,17240,17476.34961,17020.05078,17393.80078,17290.89258,68899
03-06-2022,17563,17567.34961,17125.59961,17171,17069.41016,52686
06-06-2022,17171,17236.80078,16953.09961,16996.90039,16896.33984,36001
07-06-2022,16850.05078,16999.55078,16610,16746.90039,16647.81836,50762
08-06-2022,16630.5,16760,16446.55078,16723.75,16624.80469,81636
09-06-2022,16680.19922,16824.94922,16485.05078,16768.15039,16668.94336,28748
10-06-2022,16661,16872.5,16536.80078,16774.90039,16675.65234,44810
13-06-2022,16690,16969.80078,16540,16854.44922,16754.73047,118464
14-06-2022,16856.5,17100,16760,16871.44922,16771.63086,66081
15-06-2022,17065,17065,16660,16802.30078,16702.89063,64753
16-06-2022,16949,16949,16614.94922,16874,16774.16602,80754
17-06-2022,16848,16854.94922,16435,16642.40039,16543.9375,145619
20-06-2022,16700,17022.94922,16537.55078,16967.09961,16866.71484,48902
21-06-2022,16980,17200,16860,16971.80078,16871.38867,55631
22-06-2022,16950,16950,16585.55078,16775.15039,16675.90234,52364
23-06-2022,16820,17044.94922,16700,16976.30078,16875.86133,31675
24-06-2022,16950.05078,17250,16922.05078,17231.65039,17129.70117,30380
27-06-2022,17350,17407.19922,17182.69922,17358.25,17255.55078,63842
28-06-2022,17300,17499.84961,17051,17403.90039,17300.93164,52224
29-06-2022,17350,17525,17252.30078,17499.05078,17395.51953,96972
30-06-2022,17499.05078,17568.80078,17234.19922,17470,17366.64063,102842
01-07-2022,17400,17829.40039,17331.05078,17795.05078,17689.76758,38547
04-07-2022,17800,18023.44922,17704.5,17994.55078,17888.08789,48729
05-07-2022,17994.55078,18143.15039,17900,17985,17878.59375,41438
06-07-2022,17985,18428.40039,17801.25,18388.65039,18279.85547,78391
07-07-2022,18390,18550,18173.59961,18204.94922,18097.24023,51879
08-07-2022,18300,18450,18222,18419.15039,18310.17578,58825
11-07-2022,18400,18525,18342,18489.40039,18380.00977,39382
12-07-2022,18416.75,18470,18101.05078,18125.15039,18017.91406,26189
13-07-2022,18130,18324.90039,18130,18249.65039,18141.67773,22751
14-07-2022,18249.59961,18440.94922,18132.69922,18363.30078,18254.65625,52294
15-07-2022,18400,18836.34961,18376.30078,18771.5,18660.43945,49501
18-07-2022,18838.69922,18972,18552.55078,18625.40039,18515.20508,43977
19-07-2022,18599.90039,18648.5,18226.44922,18377.69922,18268.96875,43728
20-07-2022,18550,18660,18250,18617.09961,18506.95313,54663
21-07-2022,18600,18889.94922,18593.75,18839.94922,18728.48438,50656
22-07-2022,18907.75,19084,18835.55078,18988.94922,18876.60352,63200
25-07-2022,18988.94922,19010,18712.05078,18757.55078,18646.57422,35959
26-07-2022,18780,18780,18250.25,18509.5,18399.99023,139471
27-07-2022,18544,18669,18350,18541.90039,18432.19922,44973
28-07-2022,18575,19345,18460,19112.40039,18999.32422,130457
29-07-2022,19112.40039,19423.05078,19001.05078,19359.09961,19244.5625,113825
01-08-2022,19442,19500,19105,19255.19922,19141.27734,58567
02-08-2022,19377,19501,19300.19922,19458.80078,19343.67383,56219
03-08-2022,19340.05078,19546.25,19050,19365.90039,19251.32422,51325
04-08-2022,19399,19923.80078,19396.09961,19850,19732.55859,88280
05-08-2022,19840,20020,19729.05078,19921.5,19803.63672,62560
08-08-2022,19905,19987.30078,19550,19652.94922,19536.67383,57459
10-08-2022,19850.59961,20150,19505,19769.5,19652.53516,72207
11-08-2022,19800,19982.40039,19587.59961,19679.59961,19563.16602,50461
12-08-2022,19700,19756.44922,19413.69922,19543.25,19427.62305,48903
16-08-2022,19550,19854.59961,19482.80078,19682.94922,19566.49609,66083
17-08-2022,19682,19843.94922,19669.19922,19735.30078,19618.53906,39600
18-08-2022,19720,19732.75,19480,19557.65039,19441.93945,48921
19-08-2022,19600,19669.90039,19350,19440.90039,19325.88086,36698
22-08-2022,19401,19630,19350,19452.19922,19337.11133,39794
23-08-2022,19300,19688.94922,19251.15039,19625.65039,19509.53711,42881
24-08-2022,19618.84961,19716.94922,19368.05078,19671.05078,19554.66797,33768
25-08-2022,19671,19786,19464.05078,19526.65039,19411.12305,25909
26-08-2022,19540,19666.05078,19428,19528.09961,19412.5625,27989
29-08-2022,19400,19759,19285.09961,19646.34961,19530.11328,48462
30-08-2022,19660,19995,19660,19925.84961,19807.96094,109751
01-09-2022,19700,20050,19574.59961,19732.94922,19616.20117,79062
02-09-2022,19752.30078,19848,19530,19561.80078,19446.06445,31241
05-09-2022,19500,19582.65039,19227,19259.69922,19145.75,49724
06-09-2022,19260.69922,19308,18945.05078,19041.90039,18929.24023,59370
07-09-2022,19041.90039,19307.05078,19015,19179.30078,19065.82813,55736
08-09-2022,19201,19277,19005,19123.75,19010.60547,54647
09-09-2022,19370,19370,18990.80078,19051.25,18938.53516,48434
12-09-2022,19051.55078,19159.94922,18890.09961,18968.19922,18855.97461,43560
13-09-2022,18970.5,19266.5,18970,19063.65039,18950.86133,51146
14-09-2022,18871,19234.34961,18870.94922,19108.75,18995.69531,61601
15-09-2022,19194,19257.05078,18977.75,19009,18896.53516,33455
16-09-2022,19008.90039,19009,18340.55078,18404.19922,18295.3125,116163
19-09-2022,18496.25,18840,18267.30078,18765.25,18654.22656,53631
20-09-2022,18810,18920,18575.09961,18616.65039,18506.50586,83800
21-09-2022,18616,18889.40039,18591.05078,18649.90039,18539.56055,46299
22-09-2022,18649.90039,18835,18580.55078,18638.30078,18528.0293,77931
23-09-2022,18591,18656.19922,18450.05078,18495.90039,18386.4707,35842
26-09-2022,18495.80078,18889.90039,18397.55078,18453.30078,18344.12305,113085
27-09-2022,18548.05078,18795,18545.69922,18672.65039,18562.17578,69314
28-09-2022,18655,18979,18525.69922,18840.94922,18729.47852,105517
29-09-2022,18935.19922,19130,18791.25,18979.15039,18866.86133,87195
30-09-2022,18950,19195,18894,19144.80078,19031.53125,80973
03-10-2022,19117.5,19143.94922,18770,18992.59961,18880.23242,52046
04-10-2022,19250,19350,19051.19922,19251.84961,19137.94727,37289
06-10-2022,19342.09961,19525.15039,19237.25,19300.15039,19185.96289,67036
07-10-2022,19275.19922,19380,19167.59961,19321,19206.68945,39613
10-10-2022,19100,19205,19004.94922,19119.05078,19005.93359,34619
11-10-2022,19205,19214.65039,18410.25,18449.94922,18340.79102,54926
12-10-2022,18540,18766.84961,18449.94922,18725.40039,18614.61328,38748
13-10-2022,18790,18921.65039,18605,18763.65039,18652.63672,30277
14-10-2022,18958.84961,19013.75,18850,18928,18816.01367,22065
17-10-2022,18850,19060,18792.19922,18920.15039,18808.21094,17425
18-10-2022,19020,19429.05078,18990,19387.84961,19273.14258,53511
19-10-2022,19387.84961,19848,19254.5,19739.09961,19622.31445,130480
20-10-2022,19719,20143.69922,19700,20061.09961,19942.41016,112854
21-10-2022,20061.09961,20350,19982.5,20294.94922,20174.875,57193
24-10-2022,20355,21050,20350.05078,20875.05078,20751.54492,45198
25-10-2022,20800,21048.80078,20217,20282.40039,20162.40039,71353
27-10-2022,20468.5,20475,19910,20133.25,20014.13281,101474
28-10-2022,20133.25,20371.94922,20050.15039,20282.44922,20162.44922,64930
31-10-2022,20282.44922,20470,20150,20363.40039,20363.40039,79555
01-11-2022,20399.55078,20734.84961,20370,20589.94922,20589.94922,39706
02-11-2022,20590,20700,20222.59961,20387.34961,20387.34961,43317
03-11-2022,20222.90039,20475,20150.05078,20423.44922,20423.44922,35328
04-11-2022,20423.44922,20535,20304.69922,20425.30078,20425.30078,18873
07-11-2022,20451.5,20720,20370.19922,20480.25,20480.25,67722
09-11-2022,20615.44922,20842.34961,20205,20319.90039,20319.90039,52245
10-11-2022,20299.59961,20400,20044.94922,20175.30078,20175.30078,38991
11-11-2022,20276.19922,20500,20200.09961,20322.5,20322.5,35837
14-11-2022,20323,20392.44922,19892.69922,20065.19922,20065.19922,48476
15-11-2022,20164,20185.94922,19850,20055.55078,20055.55078,39341
16-11-2022,19992.15039,20144.25,19825,20097.90039,20097.90039,44776
17-11-2022,20130,20139.69922,19882.65039,19991,19991,27782
18-11-2022,19995,20045.75,19780,19925.09961,19925.09961,36686
21-11-2022,19852,19859.59961,19665.59961,19761.69922,19761.69922,49844
22-11-2022,19761.69922,19849.30078,19550.05078,19613.5,19613.5,47422
23-11-2022,19700,19813,19510,19565.09961,19565.09961,51722
24-11-2022,19625,19874.40039,19500.84961,19735.44922,19735.44922,59696
25-11-2022,19800,19824,19440,19529.34961,19529.34961,57858
28-11-2022,19525,19845.25,19460,19815.44922,19815.44922,53000
29-11-2022,19750,20375,19730,20121.19922,20121.19922,73723
30-11-2022,20121.19922,20339,19840.40039,20183.84961,20183.84961,313389
01-12-2022,20190,20349.90039,19935,20049.5,20049.5,52926
02-12-2022,20049.5,20137.69922,19679.25,19751.19922,19751.19922,69617
05-12-2022,19759.80078,19850,19552.69922,19752.19922,19752.19922,84999
06-12-2022,19741,19990,19575,19911.09961,19911.09961,68109
07-12-2022,19920,20079.15039,19828.25,19910.84961,19910.84961,56956
08-12-2022,19900,20099,19731,19805.34961,19805.34961,40624
09-12-2022,19968,20294.94922,19844.19922,20241.75,20241.75,76755
12-12-2022,20250,20520,20145,20487.34961,20487.34961,81060
13-12-2022,20561,20635.94922,20330,20388.30078,20388.30078,49134
14-12-2022,20385.15039,20450.65039,20006.65039,20063.5,20063.5,81680
15-12-2022,20063.5,20149.94922,19634.44922,19737.84961,19737.84961,39554
16-12-2022,19725,19860,19570.09961,19738.69922,19738.69922,69321
19-12-2022,19800,20120,19799.94922,20081.65039,20081.65039,65448
20-12-2022,20150,20167.84961,19851.05078,20135.55078,20135.55078,46676
21-12-2022,20165,20348,20062.15039,20314.19922,20314.19922,70378
22-12-2022,20395,20440,20157.5,20306.59961,20306.59961,37688
23-12-2022,20200,20455,20055.05078,20132.75,20132.75,74404
26-12-2022,20174.94922,20245.65039,19860,19897.5,19897.5,33382
27-12-2022,19900,20017.69922,19745,19776,19776,40291
28-12-2022,19790,19895.90039,19710,19843.59961,19843.59961,35346
29-12-2022,19840,19917.55078,19630.55078,19808,19808,39851
30-12-2022,19839.55078,19890,19561.84961,19606,19606,42644
02-01-2023,19616.65039,19715,19501.25,19561.55078,19561.55078,25164
03-01-2023,19599,19760.94922,19475.94922,19727.30078,19727.30078,31415
04-01-2023,19780,19798,19500,19519.90039,19519.90039,31984
05-01-2023,19540,19894.15039,19519.5,19776,19776,51393
06-01-2023,19800,19926.44922,19776.55078,19885.25,19885.25,39386
09-01-2023,19934.94922,20164.30078,19896.5,20085.69922,20085.69922,36144
10-01-2023,20063.05078,20189,19955.05078,20023.94922,20023.94922,31668
11-01-2023,20070,20084.90039,19717.40039,19758.30078,19758.30078,32510
12-01-2023,19758.30078,19950,19740,19873.25,19873.25,33062
13-01-2023,19950,19950,19725.05078,19784.34961,19784.34961,34771
16-01-2023,19840,19840,19701,19735.59961,19735.59961,24265
17-01-2023,19735.90039,19966.19922,19712.69922,19945.75,19945.75,40187
18-01-2023,19949.94922,20041.90039,19773.34961,19823.34961,19823.34961,36399
19-01-2023,19823.34961,19895,19611.65039,19681.09961,19681.09961,30999
20-01-2023,19660.09961,19667.84961,19149.84961,19200.05078,19200.05078,72022
23-01-2023,19250,19440,19151.05078,19367.09961,19367.09961,37900
24-01-2023,19400,19434,19148.80078,19290.69922,19290.69922,37712
25-01-2023,19349,19350.5,19150,19235.5,19235.5,41160
27-01-2023,19260.05078,19394,19026.05078,19216.34961,19216.34961,44777
30-01-2023,19206,19213.65039,18978,19165.90039,19165.90039,49830
31-01-2023,19200,19200,18929,19017.75,19017.75,117500
01-02-2023,19100,19177.05078,18915.25,19089.84961,19089.84961,68805
02-02-2023,19129,19129,18850.5,18954.59961,18954.59961,70922
03-02-2023,19005.40039,19054.65039,18770.09961,19004.30078,19004.30078,55578
06-02-2023,19000,19060,18754.30078,19021.5,19021.5,69134
07-02-2023,19024,19099.90039,18880,18978,18978,39873
08-02-2023,18950,19064.84961,18890.15039,18994.90039,18994.90039,23267
09-02-2023,18999,19084.34961,18950.84961,19000.30078,19000.30078,34734
10-02-2023,19010,19070.15039,18875.05078,19023.84961,19023.84961,26383
13-02-2023,19095,19199,18949.94922,19026.80078,19026.80078,32489
14-02-2023,19114.80078,19260,19027.5,19082.90039,19082.90039,38589
15-02-2023,19075,19298.80078,18930.05078,19260.94922,19260.94922,31998
16-02-2023,19430,19799.84961,19140,19628.84961,19628.84961,174007
17-02-2023,19575.05078,19575.05078,18822.05078,19021.30078,19021.30078,188435
20-02-2023,19030,19145,18780,18823.05078,18823.05078,65311
21-02-2023,18881.09961,18933.80078,18760,18848.69922,18848.69922,44954
22-02-2023,18882.80078,18882.80078,18631.15039,18674.15039,18674.15039,42080
23-02-2023,18659.94922,18824.15039,18551,18648,18648,49268
24-02-2023,18741.25,18849,18615,18680.90039,18680.90039,38875
27-02-2023,18700,18845,18492,18622.75,18622.75,51625
28-02-2023,18630.19922,18725,18460.15039,18670,18670,109182
